N,P,K,temperature,humidity,ph,rainfall,Crop
73,83,130,20.51,89.46,5.05,33.06,Rice
0,92,141,11.94,50.73,6.9,212.19,Rice
95,7,152,14.92,80.86,4.59,214.18,Rice
52,37,147,39.5,40.43,8.33,93.53,Rice
95,124,28,19.32,34.17,8.41,238.38,Rice
1,71,76,23.74,35.87,4.73,186.6,Rice
5,137,12,26.84,73.49,5.27,186.16,Rice
35,32,17,22.52,66.79,6.63,61.57,Rice
122,43,158,16.06,75.62,7.1,140.89,Rice
101,9,109,39.07,78.09,5.86,237.48,Rice
107,91,15,36.1,83.84,4.54,121.19,Rice
47,64,199,22.15,52.62,6.14,119.46,Rice
124,93,33,22.07,56.9,6.5,43.73,Rice
101,86,165,38.35,69.34,5.43,36.53,Rice
122,38,63,30.99,32.3,5.68,21.63,Rice
34,76,96,28.27,59.53,5.36,256.71,Rice
98,129,127,18.22,74.15,5.46,143.7,Rice
69,35,159,29.49,77.72,5.35,24.08,Rice
19,83,86,21.24,85.7,8.45,137.56,Rice
55,114,173,14.55,52.82,5.75,181.79,Rice
65,141,104,29.67,80.29,4.82,260.79,Rice
127,84,51,21.95,48.39,4.64,79.86,Rice
49,57,184,37.51,43.78,4.62,43.02,Rice
69,143,97,18.6,52.86,5.21,170.1,Rice
23,84,141,21.49,55.59,8.11,208.8,Rice
62,89,191,32.85,58.99,5.56,83.98,Rice
87,88,184,16.27,36.99,5.62,228.24,Rice
114,78,36,17.17,66.81,6.6,139.11,Rice
54,85,74,22.67,59.07,6.58,74.03,Rice
68,57,135,36.35,73.69,4.77,54.78,Rice
112,44,143,11.11,69.44,8.07,183.68,Rice
80,27,192,24.16,44.96,5.06,70.67,Rice
47,106,96,28.33,30.73,7.2,238.36,Rice
123,105,34,10.46,71.71,6.6,192.45,Rice
128,62,53,22.34,34.38,7.37,233.34,Rice
102,35,123,18.12,45.31,6.61,64.97,Rice
94,27,200,16.31,68.07,5.39,129.1,Rice
44,42,11,24.08,30.29,7.52,195.97,Rice
93,125,110,27.38,62.66,6.32,155.72,Rice
2,20,42,39.22,84.0,7.29,26.16,Rice
78,109,65,23.44,57.89,7.92,246.13,Rice
135,21,107,27.85,37.48,7.5,228.17,Rice
76,85,150,15.85,62.97,8.08,38.94,Rice
16,26,109,38.06,39.53,6.18,217.54,Rice
87,15,59,38.68,53.1,5.83,267.66,Rice
109,126,72,35.63,86.63,6.32,95.72,Rice
83,6,21,10.46,57.18,4.66,87.77,Rice
36,117,32,18.02,68.78,6.42,108.37,Rice
6,115,98,32.15,38.71,5.71,41.8,Rice
98,35,54,23.1,86.84,6.49,192.72,Rice
102,96,130,22.46,59.12,7.43,262.87,Rice
23,123,48,39.58,48.25,7.32,180.41,Rice
94,23,90,22.68,82.99,6.96,24.12,Rice
65,119,33,26.41,70.88,8.43,172.4,Rice
111,72,94,17.61,88.23,7.93,75.47,Rice
80,139,61,25.71,84.93,7.96,260.78,Rice
113,132,14,29.92,34.67,6.49,102.58,Rice
53,131,151,18.59,79.18,5.26,164.23,Rice
136,111,121,32.18,38.45,5.85,159.0,Rice
123,31,123,38.3,30.16,8.16,135.42,Rice
138,59,111,24.54,79.06,7.6,279.34,Rice
46,73,41,11.07,86.93,7.35,40.2,Rice
113,104,17,19.05,32.54,8.08,75.36,Rice
140,39,74,26.47,86.13,4.55,178.31,Rice
103,70,84,14.76,35.32,4.57,292.43,Rice
0,56,204,23.04,36.25,8.03,26.61,Rice
36,11,93,27.42,35.02,6.01,196.69,Rice
5,49,50,36.29,61.07,5.05,36.72,Rice
114,60,67,27.04,52.22,7.41,143.9,Rice
97,73,21,10.74,72.62,7.77,211.79,Rice
104,65,48,33.05,36.34,8.37,108.11,Rice
98,62,100,12.31,41.88,4.82,182.13,Rice
18,20,95,15.44,68.76,7.26,66.78,Rice
137,104,128,37.12,41.28,5.8,172.31,Rice
118,91,106,38.8,32.0,8.48,205.9,Rice
130,85,162,34.59,38.22,6.44,100.74,Rice
104,39,85,23.22,59.12,5.63,163.09,Rice
74,131,33,20.49,58.49,7.47,151.2,Rice
42,95,66,21.24,40.53,7.0,74.34,Rice
19,36,75,12.1,81.69,6.13,35.66,Rice
71,8,166,17.13,52.68,7.47,229.38,Rice
135,137,194,39.28,44.13,7.51,63.06,Rice
65,41,119,23.3,54.97,7.78,73.16,Rice
98,92,118,35.0,35.07,5.13,93.03,Rice
72,124,205,11.7,44.36,5.37,96.59,Rice
89,98,117,16.31,49.42,5.11,210.23,Rice
71,62,41,34.18,32.78,7.01,120.41,Rice
120,131,187,31.79,69.12,7.42,63.21,Rice
57,96,117,13.96,44.45,6.2,44.09,Rice
18,69,145,13.63,77.01,6.13,181.42,Rice
107,140,72,18.82,48.55,7.56,228.21,Rice
83,43,78,13.01,42.09,6.1,189.55,Rice
60,134,150,18.27,45.1,5.71,35.51,Rice
68,44,165,11.43,42.76,8.04,143.19,Rice
17,76,56,10.15,55.33,5.88,128.41,Rice
14,31,121,35.19,34.63,5.2,212.84,Rice
23,60,154,19.97,51.79,7.9,91.55,Rice
87,116,94,19.68,83.16,4.52,96.76,Rice
121,57,91,38.45,30.9,8.0,176.32,Rice
119,16,136,15.37,73.74,8.01,241.79,Rice
70,103,166,14.17,34.83,6.78,104.61,Maize
5,56,72,27.43,75.89,7.78,232.36,Maize
112,131,96,16.81,61.65,5.3,66.32,Maize
59,47,21,39.43,80.92,5.36,139.94,Maize
87,61,157,14.46,49.9,6.52,189.84,Maize
70,97,167,34.91,35.21,7.9,82.24,Maize
12,16,135,29.76,76.32,8.01,41.12,Maize
14,21,161,36.4,74.35,6.72,285.39,Maize
117,120,108,31.14,81.46,4.64,217.98,Maize
53,68,172,14.69,83.99,6.17,269.21,Maize
56,102,191,24.9,36.64,6.17,81.66,Maize
93,36,155,23.2,55.07,6.61,256.27,Maize
108,128,111,39.97,71.23,6.87,246.37,Maize
34,64,181,34.73,57.28,6.89,118.58,Maize
60,94,99,32.15,68.8,8.05,280.82,Maize
50,86,41,26.36,55.12,7.67,81.65,Maize
118,144,16,17.56,64.61,5.58,119.61,Maize
112,114,94,21.81,43.99,5.16,171.48,Maize
62,142,65,12.7,48.25,7.14,185.65,Maize
67,72,56,12.85,34.13,7.8,119.52,Maize
68,118,74,30.7,54.89,6.71,178.31,Maize
56,45,126,16.76,78.44,7.61,60.98,Maize
128,8,131,18.2,62.37,5.94,191.11,Maize
5,111,115,25.28,70.47,8.18,122.38,Maize
49,43,140,37.92,64.37,6.53,128.35,Maize
117,24,180,38.31,61.03,5.41,253.11,Maize
101,102,56,31.37,38.11,8.04,86.16,Maize
29,117,167,23.9,83.32,5.37,226.02,Maize
1,70,102,12.35,74.35,6.11,278.75,Maize
69,36,141,25.19,83.57,6.73,174.42,Maize
52,72,129,21.42,42.42,4.93,227.55,Maize
119,34,21,19.93,46.59,4.82,265.99,Maize
62,74,103,19.21,44.76,8.23,174.33,Maize
96,17,120,29.58,87.05,5.81,141.12,Maize
27,25,51,28.0,73.26,5.68,26.4,Maize
107,100,35,12.8,51.85,4.65,157.19,Maize
7,84,32,29.34,38.62,8.36,53.95,Maize
92,9,123,22.89,56.55,5.44,157.76,Maize
42,18,121,36.14,64.83,6.77,217.76,Maize
85,26,14,36.64,89.73,6.86,202.41,Maize
90,145,152,12.84,66.48,8.31,82.26,Maize
130,42,90,33.73,73.66,5.07,204.74,Maize
112,143,112,37.89,49.79,4.79,241.38,Maize
135,82,60,23.69,34.01,5.72,164.74,Maize
18,29,81,38.07,44.34,5.17,75.91,Maize
36,72,118,26.4,76.11,7.52,278.43,Maize
95,28,94,19.35,81.47,5.01,102.26,Maize
4,141,31,28.46,36.48,5.01,274.91,Maize
99,88,87,34.4,85.26,6.25,138.52,Maize
42,100,147,28.81,31.31,4.99,193.04,Maize
22,97,106,32.63,64.33,5.05,245.56,Maize
131,141,5,33.81,44.08,5.63,89.45,Maize
126,46,21,32.16,63.83,4.8,34.19,Maize
72,80,9,28.3,64.86,6.61,179.37,Maize
132,30,204,12.78,67.85,5.1,90.82,Maize
15,38,96,29.33,85.74,6.15,245.0,Maize
12,7,169,33.76,88.78,5.33,121.04,Maize
48,9,176,17.56,72.37,7.33,297.61,Maize
80,120,104,35.66,49.06,7.41,83.37,Maize
87,7,174,12.19,34.23,7.79,178.72,Maize
16,28,11,31.29,30.67,6.47,172.94,Maize
64,5,53,27.18,37.78,6.67,99.04,Maize
86,115,106,16.67,77.55,4.55,152.01,Maize
129,27,183,23.18,43.59,6.01,97.64,Maize
37,115,147,23.01,54.8,4.66,252.91,Maize
12,66,95,31.27,35.77,6.77,278.73,Maize
2,124,46,24.39,86.64,6.01,58.96,Maize
41,143,176,28.51,58.79,7.85,86.67,Maize
83,133,51,22.75,49.7,6.3,27.69,Maize
72,99,76,26.86,72.07,6.44,161.28,Maize
11,92,151,32.41,53.82,5.07,227.48,Maize
5,37,35,37.51,33.29,6.08,203.12,Maize
20,65,89,12.06,30.52,4.92,235.12,Maize
7,34,195,16.72,34.37,5.94,265.75,Maize
137,20,152,16.79,60.14,7.37,237.38,Maize
24,102,197,36.61,66.84,5.09,196.45,Maize
74,86,76,35.23,44.37,7.49,231.99,Maize
112,36,123,36.48,89.63,6.37,287.02,Maize
67,42,29,38.14,55.75,6.01,220.0,Maize
114,142,116,14.41,42.98,5.46,290.35,Maize
10,49,177,22.95,60.61,4.97,264.11,Maize
58,108,49,29.58,67.59,4.57,183.21,Maize
105,63,53,39.29,66.49,8.0,75.13,Maize
69,101,57,10.23,47.25,5.34,98.23,Maize
30,122,102,28.41,74.94,5.96,164.21,Maize
87,126,196,35.79,31.68,6.09,263.08,Maize
99,26,106,24.57,75.8,4.51,269.74,Maize
38,66,110,21.96,83.15,5.93,109.95,Maize
52,62,139,29.34,58.74,6.47,44.68,Maize
114,23,166,25.13,36.5,8.43,182.12,Maize
95,142,103,14.15,87.47,6.43,33.66,Maize
125,5,73,33.28,71.65,5.69,27.28,Maize
35,51,41,25.99,71.67,6.41,215.75,Maize
123,38,65,32.0,48.83,5.35,84.68,Maize
59,77,174,22.89,37.86,6.83,22.06,Maize
75,75,47,10.32,72.01,7.95,41.34,Maize
35,94,204,36.74,73.34,7.97,98.21,Maize
1,73,71,17.88,59.89,5.32,122.25,Maize
18,22,202,10.41,71.0,5.34,108.81,Maize
39,40,50,26.77,47.0,5.01,21.55,Maize
88,7,197,37.52,48.68,8.3,30.85,Chickpea
14,128,21,15.84,88.84,5.38,40.73,Chickpea
126,72,38,22.74,52.2,6.95,275.57,Chickpea
100,28,77,14.56,89.86,6.72,74.49,Chickpea
128,139,79,32.3,52.29,7.94,147.73,Chickpea
87,78,198,35.35,77.4,7.92,50.05,Chickpea
76,73,108,19.55,83.22,4.88,194.46,Chickpea
35,74,192,32.08,76.16,8.26,202.31,Chickpea
51,138,65,12.69,47.77,6.3,55.5,Chickpea
72,128,19,25.89,30.61,7.35,73.17,Chickpea
72,80,121,29.04,63.84,8.11,278.01,Chickpea
102,130,149,26.26,58.68,4.93,175.79,Chickpea
94,60,37,17.55,81.75,5.11,60.65,Chickpea
127,80,22,29.83,87.42,6.84,262.44,Chickpea
119,61,204,23.42,78.59,6.11,178.89,Chickpea
113,135,130,35.01,35.12,5.02,185.96,Chickpea
61,123,161,25.07,84.6,5.86,94.03,Chickpea
21,80,184,23.66,71.87,5.97,237.53,Chickpea
41,96,72,37.01,69.16,7.99,179.11,Chickpea
128,42,66,20.99,34.85,7.18,95.25,Chickpea
92,112,135,39.96,74.96,7.71,53.29,Chickpea
79,135,72,34.34,51.91,7.13,140.18,Chickpea
61,116,173,19.08,32.17,6.84,184.06,Chickpea
63,65,52,24.29,50.02,5.44,141.83,Chickpea
54,104,60,11.1,85.94,4.93,34.35,Chickpea
120,135,123,20.86,50.58,5.64,222.14,Chickpea
51,77,21,26.37,65.14,5.48,211.68,Chickpea
1,54,119,19.29,58.15,7.66,106.85,Chickpea
91,81,70,19.73,37.81,8.09,237.02,Chickpea
12,6,165,30.53,63.95,5.62,231.37,Chickpea
70,128,187,18.32,34.98,7.13,119.63,Chickpea
99,84,94,31.13,89.41,7.34,211.62,Chickpea
59,56,81,11.78,73.23,5.09,267.06,Chickpea
96,135,113,26.79,35.53,5.75,251.14,Chickpea
66,83,188,34.28,59.07,4.84,219.91,Chickpea
80,71,11,31.99,47.33,4.98,224.98,Chickpea
41,74,203,16.65,61.8,6.3,185.69,Chickpea
112,109,74,21.49,69.24,8.42,105.77,Chickpea
139,33,74,32.59,35.78,6.63,52.37,Chickpea
26,85,16,27.95,43.81,8.4,295.94,Chickpea
75,109,93,27.78,32.45,5.62,239.96,Chickpea
96,13,177,29.99,41.61,6.07,267.05,Chickpea
122,37,183,34.0,31.73,5.84,44.78,Chickpea
39,62,204,37.36,36.87,7.53,199.95,Chickpea
93,10,26,23.19,55.95,5.08,160.09,Chickpea
73,18,64,12.82,82.89,7.29,77.93,Chickpea
112,11,185,13.03,85.54,6.57,124.81,Chickpea
76,31,167,15.45,46.31,5.52,269.82,Chickpea
52,22,110,37.62,77.81,5.22,216.98,Chickpea
29,46,86,13.05,37.95,7.27,280.04,Chickpea
66,108,53,15.55,84.7,4.95,151.2,Chickpea
135,40,54,18.52,61.51,6.73,147.04,Chickpea
53,140,136,22.16,55.35,4.61,34.93,Chickpea
120,43,53,17.97,55.01,6.86,50.47,Chickpea
8,121,195,31.57,89.61,5.24,247.78,Chickpea
107,35,9,35.7,85.43,8.33,30.47,Chickpea
140,20,34,18.74,58.31,7.54,158.43,Chickpea
31,23,9,20.26,44.22,5.06,27.16,Chickpea
17,122,36,17.91,50.24,5.47,260.89,Chickpea
14,127,157,30.14,52.98,8.28,35.98,Chickpea
88,25,118,20.33,84.12,7.51,217.08,Chickpea
0,57,170,12.38,37.87,8.04,216.66,Chickpea
109,24,56,11.81,84.2,5.54,170.33,Chickpea
92,61,17,35.34,51.95,5.88,80.37,Chickpea
81,78,114,10.62,35.32,5.48,82.43,Chickpea
103,86,155,16.89,34.84,7.09,232.07,Chickpea
15,102,201,30.44,47.18,7.28,217.01,Chickpea
138,137,152,26.09,56.37,6.12,99.11,Chickpea
135,20,173,37.38,75.76,7.72,91.45,Chickpea
91,132,19,26.51,84.16,7.21,181.23,Chickpea
124,131,104,38.27,79.56,7.79,185.81,Chickpea
61,128,27,15.05,88.82,5.78,162.22,Chickpea
120,32,124,20.36,74.79,5.57,105.84,Chickpea
42,46,198,21.35,71.35,5.46,215.89,Chickpea
137,32,188,13.44,31.95,6.32,262.97,Chickpea
66,45,111,17.78,78.82,5.52,259.84,Chickpea
31,7,35,25.36,65.09,5.61,247.52,Chickpea
130,23,116,21.22,59.5,7.15,39.98,Chickpea
87,44,192,27.95,42.42,5.13,117.6,Chickpea
64,128,102,33.68,84.54,6.88,178.58,Chickpea
0,8,190,12.7,31.03,6.42,98.47,Chickpea
5,95,58,12.78,74.82,6.26,226.11,Chickpea
115,81,119,12.54,49.11,7.74,128.55,Chickpea
74,142,202,24.73,49.5,5.0,116.81,Chickpea
9,5,186,30.25,62.58,6.33,105.03,Chickpea
93,35,7,18.37,80.7,8.11,96.53,Chickpea
91,140,136,35.58,40.13,7.89,197.13,Chickpea
29,130,18,27.37,56.56,7.79,272.99,Chickpea
51,111,67,15.51,36.62,5.41,189.69,Chickpea
115,121,46,29.1,38.8,6.96,186.67,Chickpea
49,27,94,14.6,32.55,8.3,219.03,Chickpea
38,83,51,27.26,38.1,4.72,119.08,Chickpea
18,136,119,18.53,78.63,4.76,274.22,Chickpea
84,46,154,14.53,48.09,6.09,39.96,Chickpea
25,55,29,25.79,69.45,4.84,32.75,Chickpea
55,124,122,38.73,88.57,5.47,128.76,Chickpea
98,9,96,35.96,84.52,6.3,174.05,Chickpea
68,25,88,21.35,73.26,7.88,149.26,Chickpea
80,97,196,20.51,82.25,7.07,35.21,Chickpea
0,110,129,11.66,48.4,7.08,207.45,Chickpea
15,62,176,25.98,33.03,5.84,299.37,Kidneybeans
7,126,86,37.2,61.27,8.05,36.34,Kidneybeans
27,58,164,23.79,47.48,7.44,206.16,Kidneybeans
115,94,71,19.49,59.4,5.75,25.14,Kidneybeans
73,92,189,35.23,41.11,5.48,124.33,Kidneybeans
97,59,21,15.09,31.92,7.07,57.25,Kidneybeans
122,42,68,10.23,36.64,6.23,182.66,Kidneybeans
79,83,199,26.33,36.19,5.47,277.15,Kidneybeans
27,115,29,10.73,68.92,5.41,33.67,Kidneybeans
138,88,147,36.76,82.12,4.79,199.96,Kidneybeans
71,116,114,38.99,63.24,8.41,120.49,Kidneybeans
109,49,185,29.07,82.62,4.66,231.43,Kidneybeans
54,74,6,27.2,62.21,7.47,188.6,Kidneybeans
110,65,74,12.23,45.79,7.3,72.72,Kidneybeans
45,125,189,25.15,84.85,6.88,200.81,Kidneybeans
115,26,25,18.48,56.78,7.35,154.67,Kidneybeans
6,84,65,38.4,60.58,5.8,80.45,Kidneybeans
133,35,170,15.85,72.89,6.18,135.47,Kidneybeans
138,32,59,27.72,78.98,4.78,159.18,Kidneybeans
74,78,80,32.17,35.51,8.3,154.94,Kidneybeans
95,47,79,35.5,68.18,5.14,153.39,Kidneybeans
77,100,102,20.71,33.03,6.05,195.0,Kidneybeans
110,5,26,14.09,88.09,6.9,136.18,Kidneybeans
22,16,133,20.79,31.65,6.88,151.34,Kidneybeans
121,19,146,11.14,40.52,5.43,92.58,Kidneybeans
22,144,74,14.28,65.12,5.56,139.74,Kidneybeans
9,72,129,27.29,80.72,5.29,20.62,Kidneybeans
34,29,105,32.2,75.47,8.49,195.84,Kidneybeans
97,137,28,31.88,81.82,4.71,45.3,Kidneybeans
96,97,152,35.69,41.72,7.2,194.87,Kidneybeans
76,105,15,29.16,87.39,7.54,207.71,Kidneybeans
65,121,202,18.15,58.09,7.68,279.8,Kidneybeans
133,85,125,17.57,74.04,5.75,278.84,Kidneybeans
14,127,145,10.39,51.92,7.7,202.35,Kidneybeans
105,132,44,33.34,63.03,8.19,246.93,Kidneybeans
47,135,163,25.92,42.26,6.47,155.08,Kidneybeans
46,18,43,21.98,71.45,8.06,51.05,Kidneybeans
44,60,25,15.96,32.09,4.9,47.11,Kidneybeans
55,98,49,38.12,77.3,8.22,172.42,Kidneybeans
138,43,67,16.16,87.38,8.28,39.81,Kidneybeans
83,20,97,21.77,85.76,7.16,91.48,Kidneybeans
40,43,44,21.68,34.34,5.85,266.3,Kidneybeans
54,31,22,29.68,32.07,6.42,31.27,Kidneybeans
18,37,37,31.37,60.28,8.06,154.31,Kidneybeans
31,34,114,22.54,46.81,6.4,261.54,Kidneybeans
86,25,179,17.56,30.4,7.97,29.4,Kidneybeans
96,50,86,18.57,45.22,4.7,84.77,Kidneybeans
63,39,136,34.0,44.07,8.43,30.68,Kidneybeans
59,35,117,38.8,72.05,7.74,157.31,Kidneybeans
125,95,159,13.69,32.94,8.14,264.7,Kidneybeans
140,133,20,28.1,82.93,6.74,196.75,Kidneybeans
136,115,122,22.4,53.59,5.55,75.38,Kidneybeans
66,114,193,39.09,51.59,8.14,191.44,Kidneybeans
126,104,64,33.46,64.35,7.0,299.41,Kidneybeans
62,19,12,38.97,73.67,7.92,126.33,Kidneybeans
24,27,81,14.27,32.1,6.26,95.53,Kidneybeans
121,119,96,21.52,83.04,7.87,121.43,Kidneybeans
70,14,177,16.17,87.07,7.02,35.78,Kidneybeans
6,144,75,37.36,86.69,6.82,107.66,Kidneybeans
21,113,19,34.97,87.16,6.14,110.86,Kidneybeans
12,135,106,32.6,71.01,4.67,241.53,Kidneybeans
13,126,140,10.92,58.99,5.36,253.61,Kidneybeans
124,113,195,19.82,86.91,6.76,64.42,Kidneybeans
6,69,25,32.13,58.1,6.7,172.0,Kidneybeans
4,137,130,20.0,35.06,8.0,98.57,Kidneybeans
9,12,111,31.69,54.5,6.75,262.89,Kidneybeans
71,101,154,13.56,49.75,6.77,93.61,Kidneybeans
134,111,92,29.73,55.42,7.39,288.99,Kidneybeans
71,6,153,11.07,46.39,4.96,101.39,Kidneybeans
54,113,182,24.23,60.85,5.46,234.57,Kidneybeans
128,83,138,39.87,72.23,6.46,269.5,Kidneybeans
61,127,103,31.29,77.02,6.05,71.89,Kidneybeans
140,60,67,10.59,31.7,6.23,41.08,Kidneybeans
131,13,37,32.33,42.67,6.41,96.26,Kidneybeans
16,64,140,21.02,86.2,7.89,219.66,Kidneybeans
131,55,53,36.85,77.51,7.77,250.73,Kidneybeans
12,144,49,39.82,69.02,6.03,263.24,Kidneybeans
103,33,79,31.62,68.97,6.7,298.15,Kidneybeans
83,74,193,12.29,62.61,5.06,146.32,Kidneybeans
90,85,70,10.98,81.25,7.22,145.43,Kidneybeans
38,93,80,15.08,65.22,4.94,150.74,Kidneybeans
56,115,86,10.4,83.92,7.94,174.39,Kidneybeans
119,76,127,10.96,41.0,7.35,199.46,Kidneybeans
18,92,96,26.18,89.08,6.84,188.86,Kidneybeans
8,16,86,29.84,73.69,7.41,91.06,Kidneybeans
44,60,104,21.83,64.89,6.19,133.86,Kidneybeans
8,13,161,12.84,37.77,5.35,198.92,Kidneybeans
39,91,181,37.88,74.95,5.26,38.99,Kidneybeans
8,13,121,24.7,32.85,4.64,278.74,Kidneybeans
74,29,87,14.38,65.15,4.85,100.84,Kidneybeans
106,75,44,35.76,63.9,5.16,170.0,Kidneybeans
114,59,8,15.4,57.06,8.37,99.53,Kidneybeans
87,125,82,26.34,80.32,5.72,111.66,Kidneybeans
125,62,21,35.07,75.74,4.59,67.55,Kidneybeans
131,128,63,29.73,79.46,7.34,84.53,Kidneybeans
85,65,168,28.34,68.12,8.43,200.43,Kidneybeans
17,137,101,25.39,56.48,6.29,26.72,Kidneybeans
116,61,63,30.48,85.57,6.71,264.67,Kidneybeans
35,29,66,36.51,48.44,4.73,81.65,Kidneybeans
119,48,51,22.31,63.15,8.05,110.94,Kidneybeans
123,65,80,36.32,69.59,8.12,40.33,Pigeonpeas
50,18,41,13.1,44.66,8.49,75.73,Pigeonpeas
13,26,97,36.81,68.84,6.37,289.21,Pigeonpeas
107,52,20,36.29,39.74,6.31,245.72,Pigeonpeas
5,39,161,10.92,35.49,5.6,73.76,Pigeonpeas
139,27,39,29.97,55.34,7.24,260.44,Pigeonpeas
127,75,56,17.48,80.95,6.91,89.2,Pigeonpeas
2,144,165,34.53,87.82,6.43,30.58,Pigeonpeas
92,5,8,34.09,76.58,5.51,171.72,Pigeonpeas
101,90,91,28.81,79.37,8.13,120.86,Pigeonpeas
100,81,19,25.9,67.1,5.48,42.31,Pigeonpeas
71,101,14,26.28,57.73,7.14,46.28,Pigeonpeas
115,123,51,16.75,30.71,8.38,65.44,Pigeonpeas
128,121,182,36.13,35.42,7.56,94.84,Pigeonpeas
79,117,36,20.72,82.06,5.39,25.81,Pigeonpeas
107,45,14,31.92,77.07,6.35,157.08,Pigeonpeas
92,64,114,17.8,66.67,5.64,136.61,Pigeonpeas
129,138,36,18.31,36.72,6.62,188.05,Pigeonpeas
67,16,144,18.73,40.87,6.0,183.44,Pigeonpeas
78,23,100,30.38,76.05,5.29,38.53,Pigeonpeas
78,140,124,33.52,49.06,6.37,244.81,Pigeonpeas
51,31,124,21.92,74.61,6.34,252.64,Pigeonpeas
97,140,43,39.25,85.5,7.69,137.26,Pigeonpeas
128,104,184,35.35,51.38,7.57,88.0,Pigeonpeas
101,89,72,18.22,76.61,8.09,124.98,Pigeonpeas
11,107,8,14.11,31.56,8.18,263.54,Pigeonpeas
136,24,27,25.91,56.91,5.94,124.86,Pigeonpeas
63,69,184,29.7,76.23,6.17,218.34,Pigeonpeas
95,8,36,19.04,52.47,5.0,159.4,Pigeonpeas
72,41,170,27.15,79.97,6.29,216.77,Pigeonpeas
38,25,81,28.43,67.0,7.27,34.69,Pigeonpeas
64,53,121,22.54,86.02,6.59,41.14,Pigeonpeas
1,93,47,28.71,50.37,5.65,55.21,Pigeonpeas
43,51,119,24.28,71.78,4.61,47.32,Pigeonpeas
82,122,192,26.31,37.72,5.82,135.79,Pigeonpeas
60,86,172,30.68,36.04,7.7,254.37,Pigeonpeas
104,73,156,25.91,87.09,6.21,72.83,Pigeonpeas
123,69,74,18.16,80.18,5.64,199.86,Pigeonpeas
124,27,55,18.55,84.77,7.78,264.75,Pigeonpeas
82,113,65,21.54,61.95,4.55,207.67,Pigeonpeas
109,140,94,16.71,56.72,7.52,121.44,Pigeonpeas
32,123,39,17.31,64.64,7.52,80.01,Pigeonpeas
78,144,16,32.91,31.36,7.19,109.15,Pigeonpeas
128,96,35,16.73,80.36,7.42,262.09,Pigeonpeas
113,6,194,13.38,60.38,8.3,120.02,Pigeonpeas
96,69,7,23.04,85.3,8.31,244.97,Pigeonpeas
0,27,7,22.47,43.16,8.23,286.16,Pigeonpeas
100,9,90,33.33,47.34,5.13,150.3,Pigeonpeas
119,102,124,33.6,57.93,8.42,44.51,Pigeonpeas
39,91,131,39.29,79.63,6.85,219.02,Pigeonpeas
23,104,90,18.53,65.58,7.06,29.88,Pigeonpeas
113,79,10,15.13,72.16,7.74,198.57,Pigeonpeas
69,114,12,21.12,80.78,7.2,156.97,Pigeonpeas
96,142,6,34.09,40.88,7.56,172.78,Pigeonpeas
121,28,95,26.65,63.96,5.33,73.17,Pigeonpeas
33,71,29,31.91,48.71,7.18,154.02,Pigeonpeas
126,121,26,37.11,32.52,4.85,41.93,Pigeonpeas
121,105,198,19.46,31.08,6.36,296.42,Pigeonpeas
73,72,161,12.4,63.77,6.73,96.8,Pigeonpeas
140,40,141,16.07,77.2,5.73,104.89,Pigeonpeas
8,80,172,10.59,84.35,4.51,149.6,Pigeonpeas
54,35,7,11.8,67.69,5.98,289.0,Pigeonpeas
96,27,87,34.54,50.22,6.86,271.31,Pigeonpeas
81,125,114,31.26,42.31,7.35,136.07,Pigeonpeas
27,33,98,19.34,51.74,5.78,269.14,Pigeonpeas
95,45,160,30.1,78.43,5.8,48.26,Pigeonpeas
54,145,49,25.09,64.53,4.92,201.05,Pigeonpeas
39,44,128,32.72,77.71,6.28,21.54,Pigeonpeas
121,95,69,34.67,85.52,7.1,234.43,Pigeonpeas
131,117,150,16.57,60.87,5.47,127.83,Pigeonpeas
91,58,81,18.96,40.12,8.37,211.48,Pigeonpeas
136,76,72,27.51,46.31,6.96,220.08,Pigeonpeas
7,53,106,33.44,50.64,6.65,37.65,Pigeonpeas
64,103,125,16.49,88.28,8.43,147.34,Pigeonpeas
10,54,61,24.71,79.44,4.88,277.39,Pigeonpeas
113,143,118,31.82,88.66,5.89,264.87,Pigeonpeas
49,110,196,27.68,87.22,7.01,286.27,Pigeonpeas
106,57,189,37.08,40.26,7.08,175.48,Pigeonpeas
105,67,193,23.22,38.61,6.86,106.44,Pigeonpeas
13,130,86,16.17,61.46,8.28,216.51,Pigeonpeas
86,30,122,23.74,77.13,6.69,202.74,Pigeonpeas
89,33,26,26.39,84.09,7.62,161.56,Pigeonpeas
2,25,35,10.22,65.1,6.63,236.02,Pigeonpeas
19,8,47,32.94,78.98,4.72,90.98,Pigeonpeas
127,109,68,33.65,69.1,7.83,268.05,Pigeonpeas
66,88,180,23.2,57.69,7.2,45.93,Pigeonpeas
44,140,177,38.51,89.2,6.07,239.32,Pigeonpeas
87,109,20,24.61,64.74,4.65,75.63,Pigeonpeas
43,101,41,37.38,79.37,4.63,249.14,Pigeonpeas
51,32,200,21.62,73.78,6.71,55.05,Pigeonpeas
13,128,60,20.39,82.55,7.37,191.75,Pigeonpeas
31,131,145,29.8,46.36,8.42,134.2,Pigeonpeas
131,78,53,36.36,77.4,7.56,226.84,Pigeonpeas
69,40,68,21.94,30.33,7.24,180.29,Pigeonpeas
61,97,49,20.69,32.51,6.11,211.73,Pigeonpeas
10,126,18,16.04,77.52,4.91,122.2,Pigeonpeas
140,43,28,29.38,73.0,7.98,168.94,Pigeonpeas
106,17,73,34.08,72.48,7.86,178.88,Pigeonpeas
35,98,62,36.79,74.77,4.73,156.12,Pigeonpeas
98,97,118,13.18,48.62,4.67,112.47,Pigeonpeas
106,6,22,20.16,73.64,7.17,254.72,Mothbeans
122,141,155,31.35,43.02,7.91,41.29,Mothbeans
42,44,134,26.09,49.46,7.85,26.96,Mothbeans
73,65,114,11.12,52.47,7.85,66.39,Mothbeans
107,51,35,36.33,46.49,5.18,244.76,Mothbeans
103,98,185,25.98,63.95,7.7,213.1,Mothbeans
61,124,154,21.41,82.2,4.75,182.16,Mothbeans
128,51,90,13.42,82.02,8.11,181.0,Mothbeans
39,58,38,21.76,46.21,8.2,281.5,Mothbeans
118,90,12,35.31,60.46,5.23,263.99,Mothbeans
125,113,172,11.21,38.7,5.71,247.65,Mothbeans
33,74,61,29.73,87.71,7.73,174.01,Mothbeans
124,114,147,23.27,41.61,8.24,88.25,Mothbeans
9,78,160,30.16,83.24,6.89,131.97,Mothbeans
2,6,191,38.57,64.68,7.59,166.56,Mothbeans
103,103,59,29.08,37.06,4.75,239.74,Mothbeans
34,34,131,22.02,73.41,7.08,139.49,Mothbeans
113,94,183,11.17,66.7,5.76,260.09,Mothbeans
49,119,72,10.26,37.54,7.35,130.67,Mothbeans
33,59,50,11.67,59.73,7.99,203.15,Mothbeans
46,9,51,21.61,78.1,7.72,121.81,Mothbeans
6,77,99,32.28,65.43,5.22,207.36,Mothbeans
102,35,88,12.77,35.27,4.92,125.03,Mothbeans
5,96,174,24.18,45.89,8.02,104.19,Mothbeans
140,92,201,21.98,64.11,8.18,93.08,Mothbeans
106,18,18,26.59,69.16,7.22,277.22,Mothbeans
65,106,114,30.57,38.81,8.26,125.36,Mothbeans
99,71,92,30.78,51.29,5.45,114.26,Mothbeans
107,13,26,24.67,38.35,7.74,117.14,Mothbeans
46,111,127,13.77,44.15,5.54,256.42,Mothbeans
27,94,44,36.81,36.0,7.25,43.86,Mothbeans
52,8,32,28.46,75.04,7.78,122.79,Mothbeans
89,6,54,11.45,74.27,7.48,231.05,Mothbeans
59,15,169,19.4,70.85,8.25,277.26,Mothbeans
83,57,66,16.66,86.49,6.57,222.34,Mothbeans
64,52,113,10.84,82.1,8.28,86.37,Mothbeans
26,15,154,33.58,49.8,8.29,75.05,Mothbeans
33,16,182,15.51,62.55,6.52,106.81,Mothbeans
105,67,187,16.15,66.17,7.58,109.76,Mothbeans
128,44,90,24.82,35.47,5.91,236.01,Mothbeans
94,43,186,20.3,60.99,5.87,188.44,Mothbeans
107,12,81,15.35,68.25,7.94,276.86,Mothbeans
72,64,84,14.77,46.07,8.06,84.57,Mothbeans
61,95,198,33.14,61.16,5.7,291.56,Mothbeans
58,62,116,12.46,70.58,6.59,68.65,Mothbeans
48,25,18,30.7,52.13,8.1,138.91,Mothbeans
91,10,185,10.32,61.62,7.43,178.45,Mothbeans
50,52,68,39.09,66.77,7.0,226.28,Mothbeans
42,133,133,30.75,60.16,5.49,197.88,Mothbeans
83,39,13,15.65,82.89,6.53,66.14,Mothbeans
15,140,157,34.62,33.36,7.12,51.92,Mothbeans
49,80,122,17.5,44.9,6.81,127.16,Mothbeans
23,116,9,12.44,86.94,7.81,191.21,Mothbeans
121,21,178,18.08,81.25,4.8,266.11,Mothbeans
28,31,160,26.75,36.39,7.74,173.24,Mothbeans
101,95,158,17.83,66.23,6.78,37.7,Mothbeans
47,9,124,39.25,57.69,8.37,47.26,Mothbeans
68,73,83,33.03,74.44,4.54,233.22,Mothbeans
111,132,155,12.28,65.54,6.06,82.68,Mothbeans
39,112,8,25.2,47.57,8.26,289.57,Mothbeans
60,6,184,33.52,69.38,7.3,253.45,Mothbeans
18,125,59,33.96,87.32,7.53,112.67,Mothbeans
103,103,47,29.96,63.08,6.01,237.69,Mothbeans
33,83,177,15.6,31.4,6.55,282.18,Mothbeans
63,121,112,21.37,56.03,8.24,61.3,Mothbeans
93,22,160,19.24,88.58,7.98,268.8,Mothbeans
4,53,106,21.85,66.35,8.37,126.66,Mothbeans
54,38,139,17.53,48.63,5.13,160.81,Mothbeans
6,70,49,38.27,74.31,5.55,66.63,Mothbeans
119,118,106,34.18,56.03,6.38,123.13,Mothbeans
119,85,192,32.57,87.91,6.65,283.95,Mothbeans
74,6,139,19.83,64.02,4.66,203.25,Mothbeans
51,134,42,10.12,85.62,6.64,210.17,Mothbeans
42,55,16,24.89,60.24,5.26,169.22,Mothbeans
112,113,34,21.75,81.13,6.78,53.04,Mothbeans
25,79,154,34.47,86.69,5.4,273.76,Mothbeans
11,36,5,18.3,73.71,6.72,258.31,Mothbeans
29,127,148,11.09,85.8,7.45,285.73,Mothbeans
4,142,19,13.9,59.82,5.17,117.34,Mothbeans
5,83,97,32.57,66.39,6.23,39.78,Mothbeans
52,63,46,12.64,56.64,8.03,165.1,Mothbeans
56,35,18,18.64,56.79,8.23,42.51,Mothbeans
34,88,176,10.89,44.22,6.14,107.89,Mothbeans
131,134,89,19.06,78.02,7.68,71.57,Mothbeans
68,136,65,22.46,41.32,4.62,112.92,Mothbeans
130,80,27,34.56,85.94,7.79,92.11,Mothbeans
74,73,18,24.31,40.76,7.74,292.32,Mothbeans
27,135,11,31.81,57.88,6.94,271.35,Mothbeans
140,37,56,29.29,35.7,6.94,284.06,Mothbeans
7,67,196,33.16,54.05,7.97,54.23,Mothbeans
55,141,118,20.41,32.55,7.07,261.71,Mothbeans
58,63,189,32.93,88.35,6.7,143.88,Mothbeans
76,124,95,37.44,43.72,7.91,165.39,Mothbeans
122,79,138,11.27,74.24,6.91,81.6,Mothbeans
56,131,93,15.31,40.42,7.08,251.2,Mothbeans
31,112,107,16.24,82.93,5.1,164.53,Mothbeans
58,90,74,16.72,73.49,5.89,42.11,Mothbeans
116,110,91,32.56,37.9,7.44,166.9,Mothbeans
57,143,189,18.02,51.88,8.38,158.5,Mothbeans
59,15,111,24.12,60.74,6.94,23.97,Mothbeans
83,47,119,31.52,45.28,7.87,155.39,Mungbean
50,104,193,21.47,38.22,7.03,241.74,Mungbean
32,124,145,36.74,48.91,7.37,136.73,Mungbean
45,104,121,33.43,89.31,6.65,158.4,Mungbean
98,92,83,28.05,57.64,6.38,245.22,Mungbean
113,38,125,34.3,51.29,5.97,295.66,Mungbean
123,52,166,12.72,75.13,6.81,193.48,Mungbean
111,33,16,16.95,71.9,6.65,209.88,Mungbean
119,108,57,34.23,67.14,4.85,30.36,Mungbean
61,67,153,16.38,52.31,6.11,51.12,Mungbean
132,16,166,23.28,56.49,7.14,251.85,Mungbean
126,47,8,23.55,73.12,7.9,196.58,Mungbean
84,71,68,19.37,88.87,4.54,297.18,Mungbean
119,126,97,36.3,76.69,5.81,206.86,Mungbean
107,118,175,37.17,74.16,6.9,105.52,Mungbean
124,107,49,10.9,61.46,5.94,183.1,Mungbean
38,119,16,17.03,58.33,7.24,209.36,Mungbean
31,85,69,33.11,83.47,4.74,73.31,Mungbean
51,14,115,26.92,56.54,7.06,174.02,Mungbean
83,129,97,18.44,43.12,6.91,259.83,Mungbean
59,48,95,36.84,34.83,7.4,233.4,Mungbean
59,7,96,25.86,52.57,7.1,182.69,Mungbean
77,7,46,12.11,31.01,6.17,199.98,Mungbean
110,18,93,17.37,45.78,7.27,36.1,Mungbean
42,110,198,19.67,74.47,5.68,248.23,Mungbean
45,110,59,39.63,60.36,8.23,178.23,Mungbean
96,104,74,38.77,86.69,8.11,90.77,Mungbean
62,33,167,30.91,59.43,8.03,216.39,Mungbean
55,98,42,37.04,61.64,7.66,276.29,Mungbean
4,32,43,34.55,52.85,5.13,249.72,Mungbean
101,136,85,39.33,63.58,8.21,124.92,Mungbean
84,26,19,28.44,66.49,6.19,218.25,Mungbean
72,15,64,14.99,50.62,8.01,107.35,Mungbean
8,85,174,33.79,69.26,7.41,189.51,Mungbean
4,109,173,36.56,58.88,6.05,248.42,Mungbean
103,101,168,38.11,89.48,6.46,297.78,Mungbean
49,102,13,15.08,48.89,7.05,151.28,Mungbean
62,129,121,30.97,69.92,4.72,157.78,Mungbean
71,140,93,20.7,42.62,5.31,41.64,Mungbean
57,93,146,34.53,88.52,5.42,289.21,Mungbean
38,118,145,39.84,46.41,7.82,165.53,Mungbean
32,132,59,31.56,51.77,5.24,41.36,Mungbean
43,137,135,13.77,43.46,5.34,298.66,Mungbean
15,130,134,32.65,30.65,7.0,24.16,Mungbean
17,66,178,35.26,89.52,5.62,105.01,Mungbean
90,124,151,28.66,42.6,7.82,184.53,Mungbean
19,65,105,16.9,66.72,6.52,204.64,Mungbean
120,103,73,28.27,74.35,8.4,274.68,Mungbean
40,93,106,21.65,31.63,6.6,207.84,Mungbean
94,70,106,29.9,66.53,7.12,72.49,Mungbean
90,129,150,34.86,59.97,6.16,146.78,Mungbean
67,105,44,13.41,74.17,5.88,95.17,Mungbean
14,88,84,21.03,37.75,5.15,196.69,Mungbean
102,135,33,10.75,48.02,6.45,34.21,Mungbean
89,13,116,16.34,75.54,5.04,222.4,Mungbean
22,56,77,39.48,46.32,4.91,103.35,Mungbean
71,119,85,18.96,63.08,8.2,63.22,Mungbean
76,78,100,36.85,74.85,7.66,249.71,Mungbean
116,19,71,23.34,81.81,6.58,85.47,Mungbean
68,43,205,29.72,58.78,7.4,63.69,Mungbean
40,66,64,30.65,89.45,7.0,131.57,Mungbean
108,141,172,18.28,61.09,5.19,189.29,Mungbean
86,139,100,33.66,35.36,7.08,230.19,Mungbean
110,134,21,35.95,61.84,4.78,65.57,Mungbean
23,138,91,31.54,35.2,8.21,104.0,Mungbean
122,31,144,19.44,50.47,7.86,186.75,Mungbean
46,73,180,38.2,79.29,5.81,68.4,Mungbean
110,91,171,16.97,42.92,7.12,120.41,Mungbean
81,32,179,37.76,89.31,7.23,121.42,Mungbean
55,21,197,28.28,81.86,4.68,128.84,Mungbean
96,66,128,10.89,31.49,5.79,63.99,Mungbean
50,96,52,11.28,33.1,5.56,196.41,Mungbean
72,123,146,34.76,58.43,7.08,192.35,Mungbean
15,62,137,29.61,38.54,7.77,293.96,Mungbean
70,29,110,16.28,88.27,4.66,163.93,Mungbean
38,8,128,39.09,37.8,7.61,123.62,Mungbean
11,17,79,23.41,58.57,4.98,84.95,Mungbean
110,60,52,29.62,39.33,5.01,212.01,Mungbean
52,39,20,35.62,60.1,5.63,164.38,Mungbean
98,129,173,30.78,41.93,4.91,191.99,Mungbean
132,61,40,24.5,44.01,5.81,41.15,Mungbean
13,77,139,35.23,68.66,7.38,144.03,Mungbean
20,112,180,13.35,46.12,6.71,275.87,Mungbean
89,55,23,15.65,73.71,4.83,28.17,Mungbean
35,105,164,35.49,68.12,7.92,86.41,Mungbean
109,46,188,36.04,54.24,5.31,185.9,Mungbean
100,27,196,31.21,83.82,4.5,43.47,Mungbean
32,8,37,13.2,60.36,7.19,144.28,Mungbean
93,60,6,19.18,72.69,6.8,206.71,Mungbean
53,97,44,21.31,43.32,5.0,167.82,Mungbean
102,44,204,21.24,56.68,7.95,281.63,Mungbean
58,71,47,34.13,87.5,7.76,275.73,Mungbean
5,110,83,21.0,77.64,6.97,195.61,Mungbean
111,139,145,20.14,57.36,7.29,293.09,Mungbean
24,104,199,15.79,71.54,8.02,59.94,Mungbean
89,121,5,21.06,33.6,6.55,266.97,Mungbean
129,23,138,29.78,66.66,6.19,293.91,Mungbean
111,39,15,31.52,61.5,6.09,78.51,Mungbean
29,34,148,30.37,67.44,5.86,156.45,Mungbean
12,123,110,34.07,63.81,6.75,144.54,Mungbean
7,92,37,12.75,49.17,7.77,138.44,Blackgram
12,68,60,37.83,64.77,5.77,40.21,Blackgram
22,85,120,10.83,45.16,4.63,88.98,Blackgram
93,61,197,29.3,82.83,7.77,206.75,Blackgram
40,119,77,36.99,80.23,4.66,188.4,Blackgram
121,99,159,29.88,64.76,5.51,223.76,Blackgram
77,8,106,15.69,89.07,4.52,222.08,Blackgram
26,75,62,37.9,80.76,7.09,143.95,Blackgram
134,138,129,25.91,45.46,8.03,223.34,Blackgram
82,118,112,20.29,67.79,7.64,55.79,Blackgram
100,51,143,12.26,76.38,4.94,154.09,Blackgram
90,19,101,21.64,64.08,5.55,233.8,Blackgram
77,75,18,16.28,69.11,8.4,230.59,Blackgram
103,76,202,11.62,47.4,8.16,272.93,Blackgram
60,130,9,27.22,37.14,8.33,72.9,Blackgram
63,113,81,29.47,89.26,8.21,179.18,Blackgram
6,23,161,28.77,43.09,6.45,263.37,Blackgram
8,104,174,29.11,60.92,6.64,24.23,Blackgram
10,120,133,35.52,58.0,7.93,94.27,Blackgram
70,129,137,27.61,33.9,4.56,63.11,Blackgram
13,123,106,21.7,77.49,6.89,152.54,Blackgram
95,102,51,39.25,81.5,6.07,143.83,Blackgram
97,88,76,20.99,60.31,5.88,79.65,Blackgram
14,31,148,20.57,33.89,7.24,289.6,Blackgram
100,66,31,26.36,58.66,7.89,192.92,Blackgram
137,66,104,16.27,37.48,6.84,177.25,Blackgram
121,17,57,12.3,34.66,7.47,120.63,Blackgram
34,64,136,37.67,63.33,5.14,236.15,Blackgram
1,131,112,24.01,85.66,7.81,160.19,Blackgram
19,57,192,35.95,39.61,4.61,295.73,Blackgram
94,112,125,31.23,32.49,6.7,140.73,Blackgram
3,97,183,19.26,43.21,6.07,281.33,Blackgram
11,46,55,26.19,55.84,5.74,183.3,Blackgram
48,20,15,13.25,32.89,5.5,253.36,Blackgram
88,16,118,34.71,52.41,4.92,102.55,Blackgram
73,98,120,22.61,40.0,5.31,71.25,Blackgram
15,52,195,15.92,87.35,4.55,137.53,Blackgram
140,105,76,29.24,83.13,5.94,42.55,Blackgram
110,54,120,24.47,37.32,5.2,126.42,Blackgram
62,122,187,25.78,70.84,5.79,265.84,Blackgram
2,92,141,19.32,52.29,5.43,264.24,Blackgram
120,59,106,36.17,40.99,6.54,137.47,Blackgram
29,24,98,28.68,48.67,7.83,96.53,Blackgram
14,100,82,11.4,33.22,7.75,158.5,Blackgram
44,95,188,27.41,60.03,5.65,106.37,Blackgram
105,90,178,38.46,39.43,7.29,93.29,Blackgram
90,85,8,30.24,67.43,7.71,267.88,Blackgram
110,16,205,38.68,49.8,6.56,227.99,Blackgram
17,27,14,36.98,85.66,7.57,145.75,Blackgram
77,118,196,26.69,45.1,7.95,116.06,Blackgram
32,142,168,34.7,80.88,6.53,267.3,Blackgram
3,105,144,29.23,38.41,7.85,44.26,Blackgram
114,139,183,23.9,85.8,5.18,238.02,Blackgram
14,71,205,37.78,46.64,4.78,228.35,Blackgram
5,95,197,30.65,55.25,7.55,201.82,Blackgram
63,70,26,30.52,81.85,7.81,179.58,Blackgram
107,19,81,32.76,65.78,7.82,90.02,Blackgram
127,31,125,38.32,89.88,7.34,36.82,Blackgram
26,22,136,16.75,61.73,4.71,256.7,Blackgram
116,57,48,33.31,83.36,5.93,107.92,Blackgram
130,58,63,14.67,79.66,8.44,267.76,Blackgram
34,52,167,19.72,74.22,6.85,72.01,Blackgram
34,142,117,27.47,67.07,5.79,271.25,Blackgram
40,87,136,20.85,84.92,5.58,59.44,Blackgram
101,39,170,10.91,33.63,4.69,115.53,Blackgram
87,91,45,24.01,30.29,6.44,37.48,Blackgram
104,22,168,10.37,53.0,8.0,63.87,Blackgram
90,59,74,19.62,33.33,6.3,241.49,Blackgram
97,17,188,28.07,84.33,8.23,181.87,Blackgram
29,6,113,25.67,88.8,5.7,288.08,Blackgram
95,122,150,10.95,62.85,4.59,257.36,Blackgram
69,112,85,17.62,59.94,6.83,289.45,Blackgram
69,132,69,14.79,51.79,5.58,107.92,Blackgram
113,46,166,11.94,49.0,6.18,156.84,Blackgram
128,87,87,33.52,77.82,5.09,28.07,Blackgram
87,93,46,15.11,32.64,5.37,64.54,Blackgram
101,52,124,28.19,52.65,5.24,191.58,Blackgram
39,144,141,21.89,51.47,4.98,41.57,Blackgram
11,43,122,15.23,56.97,5.39,34.47,Blackgram
9,93,149,31.2,73.26,4.8,101.87,Blackgram
117,30,45,26.14,58.79,5.52,60.45,Blackgram
81,5,193,15.67,60.52,4.5,131.3,Blackgram
2,15,193,39.68,75.34,5.03,131.32,Blackgram
65,78,191,38.52,68.83,5.15,145.34,Blackgram
109,45,58,20.42,70.3,4.6,114.26,Blackgram
13,95,71,35.02,83.57,6.84,55.66,Blackgram
84,24,117,23.72,62.66,5.63,293.9,Blackgram
49,141,194,35.62,31.09,6.98,106.27,Blackgram
76,40,30,12.88,49.22,5.54,75.55,Blackgram
43,52,177,37.41,51.5,5.91,279.38,Blackgram
6,131,26,10.2,55.41,7.94,183.5,Blackgram
138,53,13,34.64,80.66,4.83,52.5,Blackgram
1,22,97,11.08,86.12,7.09,42.86,Blackgram
17,53,46,28.97,76.99,6.66,87.84,Blackgram
22,119,124,21.41,84.76,6.55,246.08,Blackgram
18,130,146,37.09,70.55,5.93,205.91,Blackgram
89,12,131,11.95,87.23,5.53,246.27,Blackgram
39,109,7,33.08,81.68,6.65,200.98,Blackgram
97,30,107,25.7,80.09,7.75,164.88,Blackgram
33,74,106,32.03,30.98,5.93,34.02,Blackgram
90,31,132,27.81,51.47,4.8,61.63,Lentil
123,142,57,32.47,33.8,6.83,246.75,Lentil
47,42,134,37.99,51.81,6.93,195.66,Lentil
44,108,134,30.57,32.52,6.21,202.89,Lentil
5,69,63,20.05,73.74,5.47,129.16,Lentil
84,113,111,24.95,36.98,4.65,90.76,Lentil
92,121,169,28.49,77.71,6.37,155.47,Lentil
103,127,173,28.14,32.25,7.19,225.99,Lentil
102,24,101,12.9,59.99,5.45,80.21,Lentil
105,112,80,28.44,76.25,7.68,86.41,Lentil
133,80,77,14.58,66.17,4.61,36.54,Lentil
7,78,170,28.05,78.84,6.76,79.85,Lentil
6,51,96,34.57,35.81,6.35,44.56,Lentil
118,30,115,23.45,55.37,6.88,123.26,Lentil
22,118,95,12.85,75.22,5.97,200.92,Lentil
10,108,198,19.78,37.69,6.35,298.52,Lentil
119,127,59,35.33,43.98,4.86,246.16,Lentil
15,46,151,25.82,69.94,5.18,112.5,Lentil
118,79,11,38.97,81.37,6.98,170.22,Lentil
104,13,57,20.3,81.59,6.34,293.28,Lentil
3,141,53,34.16,62.31,7.75,223.41,Lentil
140,30,126,11.29,48.67,7.12,154.78,Lentil
65,94,30,11.09,58.38,7.42,161.53,Lentil
72,124,15,29.16,67.67,6.59,218.38,Lentil
139,22,9,31.88,36.06,7.67,289.29,Lentil
43,125,115,34.45,48.82,6.68,216.15,Lentil
30,17,24,35.51,74.38,8.28,43.88,Lentil
63,106,131,20.82,80.47,5.11,294.96,Lentil
48,27,25,31.11,70.07,4.55,22.3,Lentil
41,100,58,31.07,48.6,7.37,91.72,Lentil
37,139,161,18.93,60.54,7.82,186.38,Lentil
88,132,58,10.89,74.7,6.23,112.58,Lentil
89,82,27,13.61,57.85,5.38,101.75,Lentil
139,69,102,15.96,57.17,5.24,85.23,Lentil
48,28,183,27.05,80.28,7.51,222.72,Lentil
105,76,73,20.77,82.04,5.08,157.48,Lentil
95,83,92,13.18,55.8,7.7,220.05,Lentil
39,92,141,22.03,33.94,6.51,83.72,Lentil
110,73,171,39.96,77.98,6.98,221.1,Lentil
54,119,175,13.45,87.33,4.68,94.28,Lentil
29,80,148,30.95,43.5,7.77,180.61,Lentil
130,130,86,17.83,77.39,7.72,102.5,Lentil
68,80,173,28.58,75.98,7.05,286.95,Lentil
34,105,197,15.86,77.6,7.19,229.69,Lentil
47,117,161,10.26,79.06,8.3,244.57,Lentil
30,72,10,15.56,70.15,7.65,180.58,Lentil
63,47,72,34.35,46.37,7.11,124.3,Lentil
84,70,192,20.22,87.7,7.95,136.62,Lentil
30,107,51,15.11,56.34,4.72,236.57,Lentil
122,93,84,39.66,79.38,4.76,194.38,Lentil
111,39,164,34.69,46.15,6.41,99.44,Lentil
96,52,156,25.63,83.7,5.53,234.31,Lentil
71,23,179,39.84,34.06,6.54,167.22,Lentil
32,126,77,28.12,85.02,6.38,263.72,Lentil
50,64,161,25.48,41.07,5.05,252.69,Lentil
10,66,49,35.21,64.9,5.33,138.84,Lentil
72,36,119,34.62,44.1,5.85,57.76,Lentil
113,59,43,12.98,75.3,5.1,270.16,Lentil
22,97,84,12.46,43.83,6.58,268.92,Lentil
110,65,167,24.39,31.28,7.4,134.34,Lentil
72,51,171,39.34,53.92,4.63,157.48,Lentil
40,98,69,10.96,78.71,8.21,250.89,Lentil
2,10,130,37.29,39.1,4.96,228.88,Lentil
72,121,194,29.13,49.14,6.11,284.38,Lentil
81,9,97,28.78,74.9,6.28,191.12,Lentil
130,88,103,37.25,35.9,6.16,24.45,Lentil
73,40,179,36.21,68.94,6.14,183.14,Lentil
41,87,159,29.3,67.14,6.43,218.6,Lentil
51,115,79,26.37,39.32,7.19,287.36,Lentil
32,107,177,23.55,63.92,4.56,64.19,Lentil
88,139,35,22.62,47.02,4.96,151.54,Lentil
75,143,57,26.47,76.36,7.35,121.66,Lentil
115,112,70,11.13,72.54,5.03,266.68,Lentil
116,133,93,15.79,67.79,8.22,88.07,Lentil
51,118,78,11.2,82.62,6.52,54.27,Lentil
23,25,100,10.07,45.63,5.59,265.91,Lentil
117,87,16,10.17,80.97,6.26,195.58,Lentil
87,132,106,22.46,84.48,4.8,170.46,Lentil
79,25,171,22.68,71.98,5.7,79.57,Lentil
4,84,146,14.78,85.51,6.14,111.32,Lentil
65,74,189,13.01,89.24,5.79,291.82,Lentil
46,84,153,22.51,79.24,6.22,296.31,Lentil
71,44,179,22.37,31.0,7.32,41.27,Lentil
37,45,134,25.42,44.0,7.45,229.94,Lentil
14,52,118,39.49,33.84,7.47,173.67,Lentil
135,23,32,33.66,85.2,7.69,276.07,Lentil
0,47,173,11.49,70.78,6.16,112.23,Lentil
7,51,26,33.78,59.36,8.3,234.03,Lentil
46,48,148,27.38,36.96,6.57,195.9,Lentil
7,29,20,38.62,73.78,5.01,274.23,Lentil
82,33,71,28.81,37.88,7.99,170.85,Lentil
110,64,20,34.43,73.3,7.08,166.34,Lentil
75,75,53,26.99,85.67,4.61,248.41,Lentil
41,6,20,32.86,62.73,8.2,188.66,Lentil
87,137,45,23.78,33.02,8.08,163.02,Lentil
111,107,57,29.05,30.34,5.57,82.79,Lentil
7,137,54,23.9,65.55,4.64,286.12,Lentil
57,71,18,19.23,30.34,7.47,230.71,Lentil
137,58,166,31.76,44.62,6.85,173.78,Lentil
26,13,184,24.46,53.53,5.42,28.87,Lentil
108,68,101,34.05,75.25,7.19,90.13,Pomegranate
114,47,102,36.62,33.54,7.87,140.82,Pomegranate
90,35,169,23.33,42.81,6.67,193.82,Pomegranate
50,103,179,18.23,70.64,6.74,268.65,Pomegranate
39,69,23,32.36,47.2,6.25,68.79,Pomegranate
78,32,9,22.46,30.05,7.42,231.59,Pomegranate
90,102,69,27.12,39.76,6.96,243.67,Pomegranate
48,128,102,25.45,54.43,6.74,111.85,Pomegranate
102,46,125,31.82,79.28,4.52,168.53,Pomegranate
41,28,119,31.85,43.23,6.68,191.74,Pomegranate
54,53,161,34.45,67.47,7.46,257.44,Pomegranate
55,49,154,38.34,63.91,5.25,286.5,Pomegranate
121,26,159,10.38,71.81,4.59,211.56,Pomegranate
69,134,137,36.8,41.22,5.97,288.74,Pomegranate
60,59,65,14.39,53.87,7.93,111.0,Pomegranate
76,105,43,27.08,39.43,5.54,142.42,Pomegranate
124,132,133,21.25,83.8,5.53,158.43,Pomegranate
132,22,79,24.49,72.34,5.13,171.21,Pomegranate
53,56,20,10.68,81.42,8.26,59.21,Pomegranate
126,25,165,20.27,71.21,8.12,188.69,Pomegranate
1,130,86,28.72,71.27,6.42,236.96,Pomegranate
2,137,190,27.62,41.67,7.9,187.41,Pomegranate
108,7,130,11.57,72.38,5.99,74.7,Pomegranate
86,28,169,34.45,32.09,4.94,167.81,Pomegranate
107,141,89,10.96,53.81,7.63,169.15,Pomegranate
74,26,10,31.64,58.03,5.63,196.55,Pomegranate
9,44,170,16.42,53.08,7.36,50.75,Pomegranate
119,42,93,10.3,50.11,8.16,80.17,Pomegranate
113,134,69,30.11,52.61,7.06,121.23,Pomegranate
48,106,159,19.96,62.92,5.78,120.98,Pomegranate
121,119,173,33.45,45.13,7.55,76.5,Pomegranate
35,99,187,37.99,68.92,6.36,37.6,Pomegranate
68,126,128,12.56,40.91,5.71,42.64,Pomegranate
97,116,83,15.01,67.17,7.76,58.97,Pomegranate
97,89,75,31.15,49.75,7.62,73.14,Pomegranate
98,83,85,24.08,48.1,8.46,62.27,Pomegranate
6,131,99,39.13,62.55,5.33,246.83,Pomegranate
64,68,167,10.06,63.68,5.31,62.29,Pomegranate
107,82,95,12.09,50.0,5.77,241.66,Pomegranate
27,90,144,11.95,54.53,6.6,75.7,Pomegranate
82,32,75,27.36,51.6,4.89,165.9,Pomegranate
63,130,78,17.07,38.92,4.59,63.6,Pomegranate
107,85,77,25.39,64.19,6.9,173.86,Pomegranate
110,141,145,10.34,37.23,6.87,167.79,Pomegranate
124,27,48,28.43,42.82,6.83,106.02,Pomegranate
132,13,150,27.82,67.18,4.95,223.66,Pomegranate
55,48,199,23.1,44.64,5.93,191.74,Pomegranate
79,84,43,30.82,31.19,7.4,25.06,Pomegranate
4,117,48,35.54,72.74,5.49,207.93,Pomegranate
42,85,38,14.63,50.99,7.97,135.53,Pomegranate
6,134,81,38.22,31.15,6.09,187.25,Pomegranate
14,25,83,19.0,50.77,6.5,257.94,Pomegranate
60,90,11,39.16,88.74,6.09,84.24,Pomegranate
132,36,46,28.84,73.27,6.65,96.54,Pomegranate
84,120,154,20.18,68.86,5.32,270.97,Pomegranate
62,52,11,12.57,31.87,5.33,234.01,Pomegranate
84,5,108,10.45,70.38,4.64,80.98,Pomegranate
132,110,68,34.5,34.94,7.31,75.06,Pomegranate
55,81,190,15.95,46.96,6.83,242.38,Pomegranate
98,6,132,24.46,83.76,5.22,42.62,Pomegranate
102,44,27,32.17,88.27,8.15,203.36,Pomegranate
106,124,31,14.29,71.59,6.73,58.54,Pomegranate
140,145,55,21.01,88.84,4.66,142.91,Pomegranate
135,114,161,32.96,57.46,5.65,166.08,Pomegranate
70,32,51,37.91,84.92,7.2,153.37,Pomegranate
26,120,75,26.7,32.26,6.29,78.08,Pomegranate
110,56,158,26.13,34.06,5.99,45.74,Pomegranate
20,49,153,35.07,62.92,5.77,162.8,Pomegranate
2,57,119,39.02,67.54,6.66,212.62,Pomegranate
2,31,11,32.07,41.54,4.54,34.61,Pomegranate
79,111,182,28.23,33.91,7.12,139.36,Pomegranate
1,127,165,15.87,44.81,4.51,155.04,Pomegranate
133,37,156,38.68,71.25,8.31,69.99,Pomegranate
113,103,106,17.33,51.31,5.64,118.01,Pomegranate
32,135,199,34.03,69.11,7.93,158.27,Pomegranate
112,103,38,10.72,89.74,7.35,272.21,Pomegranate
24,45,91,12.92,49.44,5.96,181.29,Pomegranate
22,63,153,29.52,48.4,6.93,286.77,Pomegranate
118,49,150,17.65,33.86,7.44,124.81,Pomegranate
26,99,109,24.51,74.05,4.99,36.71,Pomegranate
18,111,149,33.93,51.3,6.94,258.32,Pomegranate
54,65,184,32.29,67.55,7.52,38.96,Pomegranate
24,14,152,32.25,74.92,6.99,239.69,Pomegranate
13,61,126,27.72,45.81,4.97,245.32,Pomegranate
139,49,99,13.84,41.84,8.43,168.67,Pomegranate
21,139,204,18.48,88.05,7.94,225.53,Pomegranate
41,75,25,10.51,59.72,5.55,82.29,Pomegranate
21,33,65,34.66,51.04,6.27,254.64,Pomegranate
50,69,60,31.55,62.22,7.28,293.01,Pomegranate
43,117,28,34.13,89.48,7.04,184.91,Pomegranate
105,88,137,14.0,54.82,5.62,28.23,Pomegranate
19,94,98,11.6,89.13,8.33,271.67,Pomegranate
107,140,32,13.34,66.39,7.63,118.57,Pomegranate
90,42,119,19.6,31.05,4.76,51.99,Pomegranate
115,21,147,15.1,77.32,6.96,153.26,Pomegranate
57,49,97,10.57,30.45,7.29,207.37,Pomegranate
1,88,7,38.23,40.55,7.4,159.35,Pomegranate
5,87,120,32.38,56.83,6.83,232.62,Pomegranate
25,8,86,24.14,36.5,5.22,125.52,Pomegranate
115,127,14,29.6,32.04,6.53,207.62,Pomegranate
64,125,9,29.29,72.23,6.46,104.26,Banana
135,119,143,22.7,49.37,7.32,110.9,Banana
8,76,90,35.3,44.12,7.7,52.77,Banana
6,102,29,10.23,85.53,5.9,43.21,Banana
37,123,111,14.59,31.37,6.98,35.22,Banana
93,69,135,20.95,62.82,6.91,249.45,Banana
3,65,175,28.96,65.31,7.86,200.97,Banana
112,15,118,35.38,82.9,4.69,297.36,Banana
97,23,171,16.91,89.05,5.57,92.59,Banana
7,113,37,34.67,85.46,7.59,284.68,Banana
116,38,97,37.67,66.96,8.15,43.9,Banana
37,61,149,11.25,44.03,7.11,253.06,Banana
112,129,146,32.82,71.49,7.62,77.22,Banana
22,53,46,38.86,60.08,5.04,175.38,Banana
114,34,190,34.36,56.05,7.63,97.45,Banana
43,81,65,14.31,33.75,6.4,41.89,Banana
114,68,84,15.96,83.07,5.94,193.28,Banana
22,5,18,13.37,36.54,6.47,167.61,Banana
87,74,21,23.44,75.79,6.89,229.01,Banana
59,138,62,16.83,65.92,6.16,87.49,Banana
43,142,40,26.45,56.46,5.49,153.92,Banana
23,53,183,28.12,34.26,5.84,167.4,Banana
105,9,10,15.35,84.55,4.95,260.22,Banana
45,99,119,19.36,57.62,5.92,71.69,Banana
83,28,113,20.69,76.53,6.15,86.19,Banana
99,131,168,13.23,76.16,5.83,105.15,Banana
39,42,30,12.46,55.53,8.06,162.69,Banana
72,108,125,36.1,86.15,6.42,125.25,Banana
31,88,174,18.62,70.96,7.35,124.73,Banana
133,42,111,26.59,83.49,6.8,130.47,Banana
73,20,111,24.41,63.08,7.92,48.71,Banana
109,132,185,25.35,58.67,7.05,26.02,Banana
108,25,113,35.07,86.82,7.16,67.14,Banana
97,51,115,34.8,78.53,8.0,243.85,Banana
9,75,129,18.74,45.63,6.19,278.0,Banana
96,83,44,12.62,36.76,8.09,243.72,Banana
43,86,192,12.95,74.51,7.6,137.8,Banana
92,69,116,11.66,65.41,6.54,26.7,Banana
39,113,83,29.22,56.37,7.76,72.21,Banana
134,46,44,23.17,42.49,7.31,287.45,Banana
11,72,196,14.48,72.24,4.87,235.71,Banana
126,37,151,12.12,50.35,5.67,101.68,Banana
8,112,112,22.92,62.0,4.58,291.14,Banana
110,83,17,14.93,84.41,7.27,258.31,Banana
39,85,14,30.63,31.15,6.36,98.37,Banana
72,82,20,28.75,50.35,7.94,240.98,Banana
91,47,119,38.96,50.56,7.43,62.05,Banana
11,53,33,38.31,82.03,5.65,21.03,Banana
125,43,95,16.05,72.98,4.89,272.95,Banana
4,76,114,13.18,32.63,6.78,230.68,Banana
106,63,52,25.4,33.75,6.56,286.55,Banana
86,30,110,33.01,78.64,7.95,106.79,Banana
122,74,17,33.94,86.19,4.71,136.66,Banana
38,80,31,28.66,72.11,7.11,156.81,Banana
43,78,100,12.7,81.54,7.34,249.38,Banana
65,32,83,27.05,48.26,6.94,54.4,Banana
140,129,189,36.74,74.12,5.96,196.07,Banana
108,17,149,28.79,81.48,6.45,20.46,Banana
115,76,154,26.89,78.58,6.17,241.16,Banana
30,133,73,18.8,41.8,8.43,275.87,Banana
68,145,150,24.55,51.07,7.52,240.4,Banana
10,110,138,11.41,62.69,8.06,109.02,Banana
129,14,43,23.83,70.41,6.08,295.33,Banana
16,30,184,13.52,36.94,5.03,77.1,Banana
8,113,103,16.49,81.43,4.83,101.64,Banana
82,124,185,16.41,65.47,6.84,77.04,Banana
124,82,67,14.12,54.31,5.26,134.68,Banana
19,121,129,39.0,62.46,7.54,106.11,Banana
53,47,182,35.14,49.41,4.92,67.35,Banana
101,122,52,24.94,46.06,6.58,248.16,Banana
14,144,106,16.47,35.22,8.23,131.34,Banana
28,83,196,13.75,69.68,8.47,57.38,Banana
32,19,86,34.84,43.73,4.71,50.6,Banana
90,117,13,14.03,30.87,8.27,266.29,Banana
21,9,59,14.46,61.47,4.53,56.97,Banana
129,79,6,23.07,41.74,5.46,37.64,Banana
130,94,104,27.69,52.65,6.06,26.37,Banana
135,5,143,34.17,42.41,8.44,205.28,Banana
140,91,17,16.99,76.53,8.3,115.97,Banana
101,53,102,31.83,47.05,7.8,284.8,Banana
96,144,175,15.04,69.18,4.53,63.49,Banana
17,97,201,29.16,44.45,6.11,72.82,Banana
5,142,130,21.2,50.75,5.35,208.47,Banana
110,133,92,31.82,49.66,6.95,108.05,Banana
106,131,147,21.97,31.18,7.66,186.58,Banana
117,56,41,19.95,83.35,6.2,57.42,Banana
86,42,82,24.82,69.53,5.07,28.27,Banana
105,48,50,22.6,64.4,6.52,160.32,Banana
132,56,77,14.65,33.4,5.5,297.91,Banana
135,118,82,13.07,72.99,7.53,254.16,Banana
31,26,185,26.14,79.89,5.39,206.95,Banana
121,7,56,13.97,59.84,6.41,235.59,Banana
91,94,143,24.59,51.76,7.52,137.27,Banana
57,44,203,14.65,72.64,4.73,287.4,Banana
51,94,61,32.14,50.81,6.6,93.44,Banana
20,59,170,38.33,70.03,4.79,97.84,Banana
138,136,27,17.44,43.75,7.82,276.19,Banana
32,125,21,24.74,40.04,6.72,27.02,Banana
75,114,89,32.53,43.36,8.21,168.1,Banana
102,85,38,37.84,53.69,8.49,200.46,Banana
68,28,96,28.55,59.37,6.63,109.81,Mango
44,10,99,23.98,52.66,6.64,28.45,Mango
86,126,118,26.83,51.46,8.08,166.4,Mango
32,107,38,20.89,69.27,7.93,61.05,Mango
131,50,7,34.29,57.73,6.16,147.36,Mango
76,7,75,31.96,89.88,6.67,290.43,Mango
19,9,48,18.59,46.62,7.77,141.09,Mango
1,74,163,24.57,79.95,6.33,120.87,Mango
22,117,121,11.76,61.44,6.8,260.75,Mango
79,84,86,16.48,75.69,7.92,216.63,Mango
93,65,52,15.51,58.32,7.76,133.28,Mango
104,84,50,31.97,35.74,7.0,22.93,Mango
11,26,107,10.11,30.07,6.26,25.93,Mango
53,32,7,12.05,58.28,4.88,214.14,Mango
123,130,5,28.69,62.43,6.28,124.64,Mango
14,28,48,30.52,67.52,5.08,132.57,Mango
13,22,124,15.12,51.77,7.42,40.94,Mango
79,101,95,10.63,51.89,6.4,98.1,Mango
97,16,144,15.48,46.44,7.66,53.76,Mango
120,43,92,15.89,88.3,7.81,159.04,Mango
109,79,12,16.68,56.98,4.52,37.81,Mango
137,92,26,37.49,31.06,4.69,205.33,Mango
46,144,25,17.92,63.2,4.75,184.0,Mango
59,17,143,17.13,39.21,8.48,167.89,Mango
81,108,8,18.62,71.6,5.76,285.4,Mango
98,128,134,20.93,59.72,7.57,184.9,Mango
121,70,33,28.64,53.99,4.92,58.87,Mango
10,59,154,36.11,63.85,8.22,74.77,Mango
47,132,126,24.73,48.27,7.92,264.08,Mango
112,108,133,37.62,86.55,5.64,268.58,Mango
48,113,39,33.13,38.37,4.59,33.97,Mango
135,126,10,37.09,89.07,5.82,93.13,Mango
115,54,85,30.8,78.21,8.24,22.14,Mango
59,53,177,12.26,73.81,5.7,225.23,Mango
28,52,135,23.88,33.27,7.71,193.39,Mango
128,22,55,15.3,46.49,5.38,89.26,Mango
123,8,115,12.61,50.4,5.04,88.21,Mango
53,54,146,35.1,32.84,7.18,233.14,Mango
129,76,100,15.09,61.85,6.58,64.87,Mango
47,51,86,36.46,61.66,7.96,143.27,Mango
138,80,109,15.21,71.56,6.33,137.3,Mango
49,118,136,36.5,69.6,6.46,282.66,Mango
65,137,121,26.73,55.43,4.72,52.66,Mango
127,72,142,39.14,71.4,6.84,256.59,Mango
54,16,135,13.56,85.37,7.21,150.56,Mango
137,138,139,16.4,68.84,8.33,66.22,Mango
78,90,145,28.02,86.26,7.08,288.09,Mango
79,14,58,32.62,33.1,5.31,182.57,Mango
136,99,36,31.48,60.3,7.51,100.47,Mango
133,20,40,10.86,75.59,4.79,36.18,Mango
85,125,127,33.04,44.43,7.31,83.49,Mango
11,32,135,31.26,54.71,7.84,280.42,Mango
91,110,10,25.77,56.85,5.83,224.08,Mango
89,136,177,15.76,31.48,5.06,28.76,Mango
117,25,144,20.81,36.68,5.75,94.07,Mango
49,69,77,19.64,75.6,7.67,125.62,Mango
9,90,47,21.97,32.2,4.61,174.85,Mango
52,141,84,35.44,69.65,6.79,105.32,Mango
112,37,150,21.23,55.35,5.12,239.35,Mango
37,134,204,27.36,55.97,5.93,232.21,Mango
69,56,166,21.23,42.77,7.83,232.27,Mango
102,73,59,26.53,69.0,5.04,207.38,Mango
45,33,108,21.0,77.09,8.08,194.84,Mango
130,89,160,19.18,58.78,6.41,273.8,Mango
81,141,112,22.16,32.13,7.93,206.91,Mango
56,37,190,27.08,49.32,6.32,256.62,Mango
91,78,203,19.96,68.35,7.67,175.88,Mango
121,72,176,30.2,73.3,7.95,26.63,Mango
24,70,199,38.99,39.04,5.19,40.07,Mango
5,98,70,10.92,68.97,5.64,269.08,Mango
58,68,122,13.78,87.55,5.44,45.82,Mango
15,71,145,26.54,39.76,7.74,208.31,Mango
108,137,137,12.3,47.14,7.75,254.25,Mango
90,127,144,11.17,68.82,6.09,264.81,Mango
130,23,192,34.83,35.6,5.68,145.49,Mango
7,17,86,15.9,66.02,7.59,297.3,Mango
29,143,18,32.19,70.92,7.91,212.0,Mango
99,116,27,21.77,41.48,5.48,127.89,Mango
60,47,36,25.25,51.05,7.82,57.12,Mango
121,135,88,23.57,48.51,6.48,94.99,Mango
77,105,173,24.88,60.15,8.2,121.48,Mango
70,97,80,28.27,74.54,8.06,173.07,Mango
8,90,97,23.12,31.45,7.03,126.38,Mango
132,124,117,34.84,88.58,6.43,80.11,Mango
102,23,30,11.68,62.97,4.97,225.51,Mango
17,136,58,34.4,77.37,4.76,57.6,Mango
77,69,150,15.66,41.27,4.74,215.33,Mango
139,69,135,37.97,88.85,4.55,192.97,Mango
120,79,85,32.7,66.04,7.32,186.42,Mango
26,128,88,35.2,31.1,7.35,199.53,Mango
11,83,76,12.88,88.44,6.3,234.01,Mango
62,56,135,17.86,86.02,5.83,161.1,Mango
48,29,142,15.6,54.6,4.9,107.97,Mango
106,32,76,27.13,60.05,7.86,265.36,Mango
129,65,65,20.21,57.68,8.45,217.82,Mango
110,6,110,29.73,78.7,8.44,78.3,Mango
47,6,172,32.94,68.98,7.63,286.28,Mango
135,92,106,34.74,86.89,4.91,98.07,Mango
21,104,45,27.02,60.1,5.62,156.25,Mango
29,41,118,25.38,72.15,7.94,24.65,Mango
110,126,61,28.82,79.15,6.91,116.41,Grapes
85,51,29,31.41,42.41,6.68,95.68,Grapes
102,45,147,19.7,82.0,5.43,67.02,Grapes
20,138,82,16.1,59.92,5.5,156.54,Grapes
27,98,89,26.26,61.36,8.1,177.37,Grapes
30,79,40,30.46,58.33,8.23,204.71,Grapes
18,131,80,16.85,62.97,5.48,100.99,Grapes
124,51,62,25.82,71.68,6.5,46.49,Grapes
30,17,99,37.05,79.66,7.16,167.31,Grapes
106,33,196,34.52,80.8,5.25,198.99,Grapes
131,59,42,22.19,62.12,4.61,50.36,Grapes
46,115,24,35.32,61.86,6.22,270.67,Grapes
133,93,117,38.52,43.73,7.57,261.62,Grapes
42,109,194,22.0,45.73,4.55,256.58,Grapes
127,77,118,12.49,55.83,6.11,217.25,Grapes
127,123,17,29.36,38.89,7.62,256.64,Grapes
63,123,30,22.57,79.76,8.02,284.18,Grapes
98,45,146,11.09,59.52,6.57,103.12,Grapes
116,89,141,11.26,58.7,5.45,258.33,Grapes
24,121,27,35.49,84.7,7.55,188.05,Grapes
35,89,190,32.3,30.84,4.96,95.37,Grapes
9,103,34,34.18,76.66,8.15,207.63,Grapes
48,59,138,26.52,66.1,5.22,124.02,Grapes
69,70,146,20.72,69.21,7.05,287.35,Grapes
92,82,99,32.36,68.85,7.76,148.36,Grapes
120,113,165,12.57,54.64,7.72,241.87,Grapes
82,89,141,37.8,39.49,8.07,248.59,Grapes
100,109,14,15.05,35.22,4.51,182.07,Grapes
137,60,182,20.84,42.02,7.35,283.3,Grapes
68,135,24,24.25,40.61,4.96,68.2,Grapes
36,79,52,21.41,38.73,5.3,51.65,Grapes
90,58,200,24.3,51.79,5.03,165.41,Grapes
26,90,15,14.06,84.74,6.29,38.51,Grapes
118,36,97,27.07,86.11,5.59,134.63,Grapes
38,109,186,15.61,89.91,8.3,216.84,Grapes
121,145,149,16.85,82.35,4.8,194.65,Grapes
47,35,130,31.11,72.43,6.54,256.97,Grapes
129,8,51,26.08,50.25,6.53,60.36,Grapes
62,7,35,25.77,53.64,4.51,226.27,Grapes
9,100,99,30.03,36.14,5.57,167.25,Grapes
51,127,14,23.02,89.31,7.08,60.36,Grapes
79,119,12,16.77,35.4,6.12,183.23,Grapes
90,128,157,15.55,73.68,5.06,252.18,Grapes
114,55,87,32.94,55.2,5.53,113.75,Grapes
40,145,172,38.84,46.2,6.28,256.37,Grapes
59,143,7,12.33,69.54,5.8,225.84,Grapes
16,69,197,26.29,50.63,7.68,97.6,Grapes
107,81,108,28.54,73.38,6.25,54.74,Grapes
131,119,108,10.75,55.73,7.55,86.67,Grapes
64,97,43,16.99,87.26,5.11,162.0,Grapes
114,75,182,16.89,43.25,7.48,87.42,Grapes
8,33,165,21.42,81.45,6.93,286.44,Grapes
19,84,128,15.85,74.75,7.36,162.84,Grapes
69,136,92,24.49,69.76,8.22,88.58,Grapes
63,96,140,12.28,79.89,4.89,22.31,Grapes
38,23,139,12.44,89.42,7.05,96.53,Grapes
39,60,36,12.33,71.61,5.3,61.08,Grapes
59,30,80,30.68,83.3,7.4,135.77,Grapes
3,33,5,36.76,79.19,8.43,113.68,Grapes
140,52,89,38.32,86.97,6.24,198.62,Grapes
121,43,203,12.68,59.88,5.01,23.93,Grapes
18,125,65,30.9,35.68,7.58,152.91,Grapes
37,34,115,26.94,45.52,5.78,164.52,Grapes
61,61,176,26.68,59.25,6.15,102.98,Grapes
16,54,130,17.66,72.91,7.16,141.77,Grapes
10,119,26,10.14,83.48,7.96,122.2,Grapes
114,20,95,38.3,62.6,7.28,249.15,Grapes
118,125,188,30.97,70.81,6.11,106.5,Grapes
75,76,192,36.27,77.79,5.18,138.45,Grapes
44,86,41,38.08,42.07,6.18,251.39,Grapes
10,86,195,37.56,38.15,6.04,224.98,Grapes
59,114,114,32.22,89.58,5.34,182.46,Grapes
58,50,45,21.26,80.85,7.44,120.94,Grapes
30,64,75,19.41,45.95,6.76,230.59,Grapes
25,49,119,27.96,85.27,4.72,175.21,Grapes
21,110,154,17.87,51.98,5.78,248.97,Grapes
116,103,59,23.44,83.0,8.3,114.55,Grapes
26,19,61,30.15,51.3,8.14,77.17,Grapes
100,23,184,38.44,49.44,7.37,89.69,Grapes
77,26,52,17.02,70.17,5.06,20.58,Grapes
64,94,102,12.85,85.73,8.3,139.38,Grapes
134,69,48,23.15,65.37,5.75,60.98,Grapes
109,90,15,19.83,89.18,4.98,268.23,Grapes
54,95,183,37.1,44.29,5.17,214.06,Grapes
122,139,162,30.41,43.26,7.3,63.63,Grapes
24,86,69,11.06,78.08,6.59,174.81,Grapes
40,132,136,20.24,84.89,7.2,194.54,Grapes
112,80,199,27.7,35.38,8.07,258.45,Grapes
110,94,6,18.62,39.39,5.59,72.07,Grapes
79,87,174,22.69,79.86,8.19,142.78,Grapes
88,33,152,21.24,57.63,8.23,206.83,Grapes
1,138,51,38.07,76.6,8.41,20.34,Grapes
13,91,13,13.22,67.62,6.63,270.83,Grapes
37,85,116,23.38,51.08,7.58,118.44,Grapes
55,31,10,26.98,37.93,4.71,126.27,Grapes
121,138,72,27.62,53.33,6.03,50.71,Grapes
127,113,165,19.41,56.08,8.25,78.04,Grapes
89,38,88,31.95,61.65,8.28,258.62,Grapes
69,56,46,28.1,67.68,6.43,239.31,Grapes
3,124,13,35.93,75.16,4.76,151.52,Grapes
79,118,160,28.39,63.63,7.53,122.02,Watermelon
104,37,152,17.52,61.94,6.02,290.85,Watermelon
83,70,194,26.43,43.58,7.04,67.3,Watermelon
17,11,189,13.61,43.05,5.41,176.51,Watermelon
90,95,45,36.54,50.57,6.07,196.16,Watermelon
59,14,172,37.61,62.79,6.38,158.32,Watermelon
80,50,89,31.2,41.53,4.87,40.17,Watermelon
18,7,26,22.34,66.67,6.94,229.7,Watermelon
131,105,98,39.42,82.62,7.0,112.31,Watermelon
39,76,109,19.29,35.34,6.97,146.58,Watermelon
134,85,124,37.16,82.44,7.01,293.17,Watermelon
57,133,17,36.19,65.12,6.78,282.71,Watermelon
46,112,181,22.89,61.62,6.02,169.14,Watermelon
119,62,139,11.01,39.21,6.6,257.09,Watermelon
39,24,62,28.78,44.71,8.29,232.36,Watermelon
131,62,70,24.91,75.52,5.42,89.06,Watermelon
82,6,139,20.54,54.43,6.21,151.46,Watermelon
49,112,55,27.09,76.79,6.46,76.03,Watermelon
64,45,204,22.22,48.99,4.8,132.82,Watermelon
70,143,167,18.97,40.22,7.0,265.31,Watermelon
104,105,89,18.01,61.88,6.62,148.91,Watermelon
39,27,167,30.66,69.88,6.4,148.3,Watermelon
0,42,69,15.83,62.1,7.64,58.02,Watermelon
136,99,84,21.58,33.23,5.25,231.1,Watermelon
123,103,107,24.85,79.12,8.35,172.23,Watermelon
132,23,204,31.77,43.41,5.82,274.22,Watermelon
1,80,70,23.04,48.23,7.97,132.07,Watermelon
88,31,100,27.3,35.82,5.26,221.51,Watermelon
39,52,201,38.49,57.6,5.13,282.86,Watermelon
100,121,153,36.35,31.83,5.54,77.08,Watermelon
12,20,145,28.78,37.93,5.5,212.58,Watermelon
58,122,79,30.08,73.95,8.34,298.48,Watermelon
53,102,51,31.16,87.71,4.52,235.21,Watermelon
60,80,186,26.17,31.29,7.5,107.22,Watermelon
69,69,125,33.14,66.5,8.2,91.81,Watermelon
6,124,202,25.92,51.58,7.18,222.08,Watermelon
51,120,198,22.96,70.78,5.85,161.5,Watermelon
61,96,100,34.47,69.74,6.58,38.7,Watermelon
98,5,198,26.5,35.08,7.42,231.77,Watermelon
125,7,170,16.0,80.32,4.55,35.01,Watermelon
54,121,90,14.68,74.02,8.19,138.92,Watermelon
22,119,162,15.07,67.97,8.25,277.73,Watermelon
80,116,192,31.99,32.36,5.45,51.65,Watermelon
93,56,50,11.24,36.09,6.41,219.98,Watermelon
122,111,183,15.44,70.42,6.31,130.17,Watermelon
16,42,95,17.27,59.46,6.68,97.52,Watermelon
94,79,20,29.75,77.08,6.03,285.11,Watermelon
2,135,153,29.2,40.78,6.02,291.18,Watermelon
97,66,96,10.17,89.42,7.58,194.66,Watermelon
85,71,44,25.35,51.2,5.9,288.46,Watermelon
5,89,79,24.1,88.35,5.08,96.14,Watermelon
63,29,130,23.52,71.16,8.1,57.35,Watermelon
76,49,47,39.7,33.0,7.88,128.72,Watermelon
124,139,159,16.13,75.0,6.77,235.75,Watermelon
89,133,129,34.91,63.2,7.79,49.37,Watermelon
43,55,14,20.97,33.36,7.96,122.37,Watermelon
57,137,7,20.12,34.82,6.97,27.45,Watermelon
128,10,39,33.76,76.19,6.59,91.18,Watermelon
82,109,79,35.63,58.64,6.79,237.76,Watermelon
54,137,170,39.36,84.66,4.63,106.95,Watermelon
106,25,200,38.0,69.98,5.11,228.64,Watermelon
3,72,102,13.52,43.08,7.82,231.98,Watermelon
92,63,20,25.46,55.84,6.48,292.33,Watermelon
112,118,155,34.83,73.64,7.16,185.71,Watermelon
120,49,83,19.49,39.38,5.65,57.68,Watermelon
137,88,177,25.1,34.4,6.75,45.51,Watermelon
94,28,106,33.92,75.69,5.98,161.41,Watermelon
55,95,41,35.33,74.18,8.24,243.54,Watermelon
79,142,21,11.03,68.44,5.56,103.87,Watermelon
48,49,180,27.06,50.33,7.25,196.1,Watermelon
9,81,182,19.49,82.53,4.99,135.82,Watermelon
67,108,186,19.27,54.07,6.41,132.21,Watermelon
64,19,41,38.36,85.93,5.68,237.97,Watermelon
83,88,117,26.14,73.18,4.74,80.63,Watermelon
109,74,47,33.21,36.7,4.66,165.21,Watermelon
55,29,201,24.88,66.73,4.65,233.64,Watermelon
28,51,106,27.13,46.21,6.12,194.76,Watermelon
19,65,84,21.05,85.21,4.7,294.83,Watermelon
19,59,149,22.23,58.41,4.81,176.83,Watermelon
2,8,182,39.94,38.62,8.17,291.2,Watermelon
66,13,46,31.46,41.99,8.32,53.58,Watermelon
49,51,116,27.58,71.58,7.55,58.0,Watermelon
116,44,194,11.71,71.48,7.15,231.93,Watermelon
132,105,147,36.39,74.87,6.16,269.62,Watermelon
114,87,170,39.48,86.15,5.91,88.24,Watermelon
103,104,96,26.11,86.81,5.75,260.35,Watermelon
83,63,134,12.37,38.33,6.59,49.34,Watermelon
94,85,202,27.02,69.43,4.82,212.39,Watermelon
140,141,147,39.71,70.99,7.15,132.34,Watermelon
2,93,111,18.42,84.35,6.89,196.7,Watermelon
131,56,26,20.59,63.23,4.9,162.97,Watermelon
72,75,182,31.95,53.11,6.8,283.51,Watermelon
122,27,162,14.45,56.64,5.93,122.32,Watermelon
133,130,157,22.75,46.49,5.77,26.82,Watermelon
25,124,157,23.44,69.09,7.02,22.91,Watermelon
130,98,73,32.14,57.39,4.97,151.32,Watermelon
34,58,18,13.64,44.71,7.39,22.55,Watermelon
88,25,85,27.74,74.31,7.81,190.96,Watermelon
32,19,202,27.34,78.68,6.23,197.79,Watermelon
64,109,38,14.11,88.43,5.24,277.51,Watermelon
65,6,83,13.4,49.13,7.77,145.94,Muskmelon
9,121,189,10.65,85.45,6.01,123.54,Muskmelon
44,97,149,28.67,74.75,7.0,173.22,Muskmelon
135,122,49,31.33,64.69,5.35,290.58,Muskmelon
21,37,112,15.96,68.51,4.64,287.63,Muskmelon
83,145,37,12.83,85.87,7.61,256.2,Muskmelon
70,137,28,17.12,88.52,5.87,96.28,Muskmelon
120,115,56,11.12,30.87,6.66,167.02,Muskmelon
99,141,100,14.59,76.89,7.98,188.74,Muskmelon
32,77,46,37.12,40.9,5.26,122.09,Muskmelon
56,109,102,20.47,58.48,8.3,177.55,Muskmelon
115,23,174,24.03,58.7,6.13,224.27,Muskmelon
55,144,72,38.93,49.89,8.26,185.77,Muskmelon
89,126,176,20.86,73.05,5.6,98.36,Muskmelon
112,59,18,32.83,31.43,7.64,55.31,Muskmelon
86,23,134,27.66,67.86,8.42,160.26,Muskmelon
128,70,141,10.64,61.36,7.92,200.43,Muskmelon
97,138,43,13.01,66.73,7.74,21.49,Muskmelon
121,60,111,13.42,50.7,4.77,30.21,Muskmelon
140,132,88,28.06,86.95,7.26,78.79,Muskmelon
80,27,180,25.43,85.29,6.7,255.95,Muskmelon
62,49,140,32.84,80.57,7.78,77.3,Muskmelon
51,54,176,35.91,55.12,5.28,296.32,Muskmelon
76,123,173,13.34,64.42,7.68,218.26,Muskmelon
62,27,19,28.03,76.32,5.82,295.86,Muskmelon
49,30,52,14.11,46.44,8.28,231.74,Muskmelon
92,81,129,10.7,35.07,7.56,43.62,Muskmelon
111,137,10,17.07,72.85,5.03,222.92,Muskmelon
139,64,172,11.74,69.37,7.39,56.56,Muskmelon
84,31,22,22.8,33.14,7.77,136.6,Muskmelon
81,59,62,38.06,64.81,7.49,176.65,Muskmelon
43,96,99,28.86,53.08,8.43,155.67,Muskmelon
73,139,22,24.8,48.9,4.5,281.27,Muskmelon
136,10,199,35.32,59.03,6.62,137.24,Muskmelon
8,37,205,17.85,44.07,4.95,168.83,Muskmelon
94,6,11,23.21,89.21,6.59,71.42,Muskmelon
36,132,205,34.36,34.58,4.54,29.25,Muskmelon
55,52,77,27.73,72.94,6.26,130.23,Muskmelon
22,16,30,12.14,39.22,6.76,240.98,Muskmelon
128,28,134,28.93,38.32,5.4,46.65,Muskmelon
6,95,77,39.83,65.78,6.16,152.37,Muskmelon
105,103,90,29.55,77.19,8.0,64.82,Muskmelon
116,108,110,34.26,79.77,5.53,51.26,Muskmelon
55,38,195,33.69,61.66,8.43,188.94,Muskmelon
71,8,79,18.16,56.72,7.15,215.5,Muskmelon
42,136,169,21.14,53.37,5.43,203.73,Muskmelon
37,138,19,37.16,49.76,6.67,51.24,Muskmelon
83,50,81,24.19,68.43,6.09,45.39,Muskmelon
25,131,16,33.29,64.25,7.36,230.02,Muskmelon
91,141,192,17.92,81.96,7.96,274.09,Muskmelon
137,12,60,31.12,87.75,5.36,290.76,Muskmelon
69,120,119,17.55,67.71,8.46,31.75,Muskmelon
126,12,160,18.85,39.69,8.32,134.57,Muskmelon
84,65,191,21.54,67.6,6.51,261.42,Muskmelon
98,135,184,25.42,74.24,4.94,109.78,Muskmelon
88,24,44,19.89,36.61,6.86,167.91,Muskmelon
99,76,167,30.5,54.68,7.52,286.68,Muskmelon
127,41,61,26.36,33.67,5.93,94.03,Muskmelon
88,32,18,21.72,54.51,8.06,36.93,Muskmelon
90,83,66,19.06,31.89,8.0,175.8,Muskmelon
43,121,80,11.72,30.44,7.79,264.3,Muskmelon
77,69,96,19.88,39.47,5.87,62.3,Muskmelon
94,49,198,30.74,50.12,6.69,72.78,Muskmelon
108,88,167,22.82,62.49,8.14,33.91,Muskmelon
98,44,21,11.69,63.46,7.13,231.14,Muskmelon
99,35,205,34.22,45.85,5.34,250.35,Muskmelon
39,122,158,24.1,53.26,7.16,249.36,Muskmelon
34,84,149,29.33,56.63,8.01,159.03,Muskmelon
57,110,55,28.12,55.64,4.77,199.56,Muskmelon
116,122,143,29.19,78.74,6.61,256.21,Muskmelon
95,105,96,13.24,67.18,7.33,136.16,Muskmelon
107,125,11,33.94,31.67,7.97,159.78,Muskmelon
22,38,192,12.5,82.08,6.93,149.09,Muskmelon
108,43,54,25.03,83.11,6.61,253.16,Muskmelon
58,86,181,15.87,66.3,8.07,74.06,Muskmelon
111,121,31,16.19,31.48,4.79,261.76,Muskmelon
127,64,112,20.14,53.88,8.19,137.6,Muskmelon
113,109,176,14.5,58.72,6.34,191.14,Muskmelon
115,7,201,27.61,81.27,5.72,57.13,Muskmelon
67,83,46,13.71,43.13,7.49,242.78,Muskmelon
5,57,17,29.62,42.71,4.91,197.4,Muskmelon
36,74,12,14.17,83.37,7.1,138.51,Muskmelon
75,139,44,21.92,40.47,5.08,201.71,Muskmelon
10,59,78,17.21,58.62,5.76,223.8,Muskmelon
61,23,34,22.82,65.0,6.78,109.72,Muskmelon
29,66,189,22.09,30.47,6.7,104.71,Muskmelon
73,132,16,11.95,80.26,5.68,186.15,Muskmelon
7,9,192,10.59,51.96,7.77,135.72,Muskmelon
77,128,56,30.79,52.23,7.24,178.42,Muskmelon
126,97,196,29.43,87.04,7.81,198.48,Muskmelon
77,6,115,33.25,62.98,7.36,162.62,Muskmelon
71,107,28,12.84,67.98,5.93,177.52,Muskmelon
119,110,127,17.78,34.51,6.87,174.21,Muskmelon
136,81,62,34.69,76.13,5.12,198.11,Muskmelon
53,46,173,12.0,42.16,4.98,145.3,Muskmelon
22,88,173,18.2,79.45,6.15,138.0,Muskmelon
67,99,93,24.6,72.84,5.59,217.27,Muskmelon
51,46,42,17.76,40.0,6.84,248.84,Muskmelon
23,32,21,23.0,86.1,4.86,276.9,Muskmelon
107,15,93,24.32,41.7,4.79,247.19,Muskmelon
91,83,39,27.56,86.19,5.88,295.0,Apple
56,49,66,39.77,36.4,6.04,75.5,Apple
44,71,101,21.99,68.38,6.01,52.54,Apple
80,144,78,27.58,79.86,6.87,186.16,Apple
0,99,33,14.71,62.79,4.79,248.9,Apple
13,40,200,15.69,66.84,6.5,135.05,Apple
112,77,27,34.12,80.8,5.56,43.93,Apple
36,90,201,26.11,56.91,7.87,27.61,Apple
51,98,53,25.47,77.28,6.73,80.61,Apple
16,120,88,39.8,45.48,7.37,92.43,Apple
15,42,177,20.36,42.53,6.73,50.36,Apple
3,29,91,24.58,86.3,7.13,196.42,Apple
0,96,96,37.18,45.21,8.15,146.21,Apple
60,60,199,22.1,87.48,5.92,91.38,Apple
119,126,181,24.72,42.89,7.44,221.57,Apple
119,125,97,31.38,40.51,5.15,66.67,Apple
81,47,120,34.05,48.05,7.3,230.09,Apple
21,88,36,11.78,46.19,6.93,43.59,Apple
44,35,122,39.03,51.75,6.29,110.37,Apple
72,10,153,31.63,47.9,5.01,59.96,Apple
56,107,153,22.43,47.46,6.53,220.68,Apple
121,55,123,21.9,30.01,6.03,63.4,Apple
108,31,19,17.76,41.25,5.27,67.08,Apple
63,129,196,31.68,59.98,5.71,64.41,Apple
48,22,17,27.81,35.25,5.12,242.29,Apple
117,20,97,20.81,51.88,7.31,54.31,Apple
32,18,181,17.38,69.27,4.5,123.21,Apple
103,110,11,27.62,41.99,7.38,173.8,Apple
53,36,202,29.92,72.14,5.63,180.76,Apple
126,52,199,39.07,88.35,5.46,270.97,Apple
30,87,55,28.19,69.17,7.66,164.58,Apple
31,116,93,20.06,77.66,5.51,259.11,Apple
88,28,113,31.23,66.45,6.9,291.71,Apple
64,6,98,25.2,61.51,5.03,127.91,Apple
112,32,146,38.38,71.82,7.18,221.79,Apple
38,117,88,29.99,82.98,8.32,228.82,Apple
8,21,53,34.34,35.25,7.31,263.74,Apple
23,144,136,16.24,50.72,4.94,88.36,Apple
92,121,94,31.06,41.29,6.33,57.61,Apple
70,142,50,22.43,43.45,5.3,177.96,Apple
68,17,23,19.09,88.78,6.02,110.71,Apple
0,55,98,18.75,89.81,5.08,97.59,Apple
7,87,9,39.8,58.03,7.83,95.44,Apple
91,98,122,13.72,67.36,5.38,267.85,Apple
85,35,117,19.92,76.85,8.49,87.83,Apple
21,9,76,10.99,85.55,6.9,296.46,Apple
34,85,21,12.49,66.41,6.39,287.82,Apple
45,113,106,33.33,70.29,7.33,178.73,Apple
125,111,128,21.65,65.83,6.82,84.18,Apple
95,57,109,32.5,33.23,8.48,43.16,Apple
74,53,127,10.21,84.09,6.49,236.93,Apple
80,23,61,32.36,50.55,5.34,197.51,Apple
65,28,41,25.95,53.45,8.22,105.83,Apple
82,44,175,18.27,49.07,5.03,295.34,Apple
33,44,19,26.56,61.6,8.41,48.5,Apple
113,80,85,30.23,67.71,7.46,165.65,Apple
80,98,46,13.76,67.68,6.38,238.09,Apple
34,50,55,12.25,82.49,7.22,230.27,Apple
35,22,86,38.37,55.93,7.22,180.69,Apple
98,80,118,26.64,82.22,7.99,151.58,Apple
61,20,108,21.61,51.98,8.49,20.87,Apple
49,137,69,37.86,88.74,4.77,218.35,Apple
78,81,12,36.89,42.17,6.35,223.08,Apple
20,75,52,16.44,68.9,7.65,240.08,Apple
19,123,116,16.87,69.54,6.43,36.94,Apple
20,28,92,19.03,36.17,4.64,245.57,Apple
62,124,46,13.75,45.73,4.93,122.06,Apple
93,140,38,17.78,65.36,4.72,110.05,Apple
42,52,203,19.2,77.37,7.19,67.86,Apple
133,81,18,11.05,80.27,7.14,127.46,Apple
12,104,204,17.94,87.19,5.51,158.07,Apple
2,102,72,27.44,61.29,7.98,48.68,Apple
52,32,155,22.53,88.24,7.67,47.18,Apple
3,59,127,10.72,67.04,7.16,168.44,Apple
135,108,53,27.55,73.26,5.98,51.59,Apple
66,55,180,17.1,76.18,6.1,150.35,Apple
38,96,158,28.13,33.68,8.5,119.39,Apple
73,47,185,38.36,73.69,5.97,258.29,Apple
31,134,161,11.16,85.55,7.39,291.36,Apple
65,84,168,22.45,85.53,7.03,295.99,Apple
131,28,62,18.29,79.66,5.87,137.53,Apple
43,115,92,26.54,73.09,6.45,55.22,Apple
13,43,30,32.74,37.13,8.32,244.74,Apple
40,39,51,14.76,40.49,6.34,73.96,Apple
42,73,132,24.31,32.36,6.15,170.59,Apple
129,98,101,19.37,72.57,8.34,23.32,Apple
118,81,40,37.84,80.86,8.25,123.28,Apple
19,94,21,28.52,47.87,5.9,283.81,Apple
78,101,50,17.97,55.77,7.74,211.17,Apple
67,140,86,31.19,84.69,7.52,162.38,Apple
140,27,159,16.98,87.25,7.46,59.54,Apple
15,118,47,35.45,70.58,5.53,152.21,Apple
28,71,46,28.8,71.8,6.62,91.87,Apple
55,90,76,10.45,56.97,6.45,289.36,Apple
39,97,205,12.9,72.68,8.34,25.01,Apple
68,106,48,13.78,30.79,7.01,272.29,Apple
29,44,134,12.04,43.19,6.61,163.4,Apple
27,123,193,23.93,66.99,5.69,71.9,Apple
36,124,93,27.24,57.14,5.09,94.1,Apple
74,110,88,32.23,35.77,5.79,68.14,Apple
93,36,96,25.45,57.44,7.47,280.82,Orange
74,104,147,32.74,63.24,5.83,262.62,Orange
37,24,17,17.63,38.61,6.61,159.52,Orange
85,84,178,28.52,34.21,4.68,43.51,Orange
11,105,125,21.0,82.14,6.25,56.33,Orange
89,74,202,20.0,88.23,7.61,268.58,Orange
129,141,186,10.69,81.69,4.54,150.09,Orange
68,29,125,16.88,78.33,5.38,217.27,Orange
15,8,7,38.31,77.56,6.76,53.58,Orange
68,130,118,15.58,33.89,7.08,85.84,Orange
118,99,136,31.29,39.77,6.24,73.68,Orange
33,77,30,35.57,75.33,7.69,226.27,Orange
106,126,45,18.46,56.62,8.38,102.65,Orange
119,30,192,18.94,56.02,6.57,99.69,Orange
64,130,58,38.28,68.12,4.96,100.77,Orange
130,64,205,35.6,61.47,8.25,284.79,Orange
13,47,144,20.19,41.91,6.85,49.1,Orange
12,6,65,35.4,64.42,7.69,297.16,Orange
23,132,124,22.39,74.73,5.78,141.56,Orange
42,31,68,20.93,38.05,6.59,131.18,Orange
13,131,30,11.51,49.83,7.65,228.87,Orange
11,141,87,34.76,63.6,8.14,77.36,Orange
19,61,157,12.8,62.12,6.31,297.11,Orange
16,54,181,10.8,77.92,8.24,272.09,Orange
140,58,30,11.81,63.7,5.37,95.28,Orange
96,119,48,31.3,54.51,6.9,104.93,Orange
84,17,49,20.69,64.16,5.6,210.92,Orange
36,23,71,34.31,61.66,7.39,287.3,Orange
94,88,98,27.95,88.83,4.65,142.29,Orange
113,109,164,14.37,77.07,6.8,103.06,Orange
97,70,148,28.86,41.78,7.33,46.31,Orange
36,35,5,20.43,66.84,7.59,170.65,Orange
89,102,178,34.96,43.75,5.71,228.37,Orange
102,102,145,29.79,77.59,6.74,290.45,Orange
15,10,48,16.24,39.88,8.24,251.51,Orange
62,107,142,26.54,42.15,7.55,42.11,Orange
64,95,93,27.63,55.31,8.22,65.04,Orange
112,78,36,13.33,88.79,7.62,74.86,Orange
11,60,8,11.34,72.44,6.58,219.67,Orange
51,98,85,23.99,85.2,6.11,180.65,Orange
122,15,156,26.88,48.02,5.41,193.86,Orange
59,130,79,35.86,73.29,5.3,31.42,Orange
22,51,132,19.14,75.25,6.71,131.57,Orange
115,108,74,39.35,73.49,5.05,216.1,Orange
9,141,95,25.35,40.87,5.07,62.13,Orange
60,14,82,39.32,60.32,5.45,197.44,Orange
19,123,132,27.96,84.15,7.03,37.39,Orange
55,100,149,14.6,79.3,7.18,32.26,Orange
102,67,114,36.6,63.08,5.51,90.84,Orange
68,108,33,24.4,31.23,8.22,40.29,Orange
125,15,159,38.66,84.05,6.34,221.6,Orange
84,8,90,22.34,64.78,7.2,122.83,Orange
80,101,60,12.2,62.41,7.26,35.19,Orange
21,110,109,38.98,48.07,4.77,116.94,Orange
104,97,86,17.38,40.42,8.28,198.75,Orange
16,123,132,30.66,77.8,5.54,27.96,Orange
122,85,146,28.76,82.08,5.35,233.77,Orange
96,49,128,12.37,76.52,8.18,27.94,Orange
91,92,13,14.01,75.23,4.94,49.77,Orange
44,142,67,33.9,87.26,7.41,230.02,Orange
125,19,168,14.33,61.7,5.84,62.75,Orange
23,116,26,36.7,35.4,8.45,102.79,Orange
66,59,69,31.29,38.75,8.13,22.83,Orange
136,15,60,36.88,86.83,5.92,50.47,Orange
132,112,117,20.34,70.75,4.99,160.29,Orange
108,31,136,14.25,45.76,5.89,226.84,Orange
31,121,173,29.81,37.94,5.87,210.72,Orange
110,44,33,33.69,60.68,6.83,210.0,Orange
60,35,131,17.93,53.21,6.01,99.34,Orange
71,128,47,14.41,48.61,7.52,70.17,Orange
35,52,189,23.7,67.81,6.91,180.3,Orange
109,60,29,37.48,80.45,6.76,157.3,Orange
37,38,12,31.6,52.18,5.69,148.03,Orange
28,50,152,10.31,81.29,6.77,110.8,Orange
63,73,150,35.95,39.41,5.22,84.85,Orange
58,103,195,24.91,71.77,6.02,215.71,Orange
20,103,8,24.93,66.35,7.45,124.36,Orange
43,132,102,19.9,76.19,4.89,48.96,Orange
93,6,49,23.05,43.08,5.99,164.82,Orange
36,20,7,19.81,86.69,5.66,166.13,Orange
23,143,70,25.55,81.02,6.47,271.54,Orange
0,65,71,18.84,54.99,7.78,50.36,Orange
69,77,35,33.04,38.59,7.43,73.26,Orange
81,65,51,16.42,71.56,8.34,216.45,Orange
139,137,91,22.45,60.97,7.0,282.35,Orange
53,115,190,31.65,78.93,6.21,103.43,Orange
129,38,171,18.43,56.06,5.69,30.66,Orange
43,42,10,38.02,56.5,5.9,45.26,Orange
34,73,135,12.29,66.88,6.95,90.0,Orange
123,145,62,22.45,40.03,7.65,47.71,Orange
56,17,42,15.68,88.12,8.45,174.44,Orange
121,68,154,20.77,72.92,7.34,213.61,Orange
91,23,81,14.83,81.96,5.0,262.63,Orange
30,53,66,19.63,75.85,5.32,77.55,Orange
55,125,57,31.91,80.15,6.07,59.84,Orange
7,123,163,38.83,42.53,6.28,111.82,Orange
84,55,48,25.26,65.33,8.22,78.76,Orange
119,45,193,33.58,54.89,7.3,280.04,Orange
100,69,88,28.74,36.98,7.51,253.71,Orange
136,31,154,24.48,48.35,6.79,109.42,Orange
47,117,192,20.41,44.3,6.89,254.78,Papaya
99,87,111,32.15,65.69,4.92,107.71,Papaya
2,105,24,37.16,61.98,4.91,228.73,Papaya
33,32,15,18.44,62.62,5.15,118.7,Papaya
46,80,50,32.97,48.0,5.69,249.72,Papaya
53,43,32,28.94,44.86,6.99,262.2,Papaya
4,109,20,17.8,37.15,5.17,87.45,Papaya
53,106,33,34.59,73.12,8.39,293.38,Papaya
106,40,81,37.89,44.19,7.19,282.87,Papaya
58,36,184,23.27,77.76,6.61,176.81,Papaya
0,15,190,14.04,72.52,5.16,111.01,Papaya
138,62,169,15.69,54.22,6.78,274.71,Papaya
4,46,23,23.24,74.62,5.3,169.37,Papaya
104,84,180,14.41,79.42,8.22,210.63,Papaya
27,111,68,14.17,44.03,6.67,152.57,Papaya
11,96,71,10.54,38.03,7.77,196.9,Papaya
57,78,141,29.21,59.52,7.7,27.87,Papaya
58,15,170,18.89,75.17,5.2,276.8,Papaya
95,7,175,26.46,60.81,8.14,172.78,Papaya
138,58,145,35.61,85.93,5.06,157.31,Papaya
16,78,135,23.33,70.17,7.42,239.55,Papaya
111,126,50,20.06,53.66,4.92,31.28,Papaya
56,57,19,29.46,52.42,6.74,59.11,Papaya
103,129,93,28.42,63.07,7.66,252.34,Papaya
13,91,138,25.8,81.94,5.09,195.69,Papaya
28,121,107,25.82,62.83,7.19,177.76,Papaya
35,55,82,33.44,88.04,7.69,229.9,Papaya
139,132,156,16.72,71.8,5.14,160.18,Papaya
63,53,39,26.41,68.48,5.12,23.97,Papaya
59,76,194,35.63,88.71,6.51,285.85,Papaya
90,15,120,23.39,52.18,7.4,175.16,Papaya
18,17,170,31.95,35.67,6.21,211.22,Papaya
127,95,186,13.5,68.7,7.43,139.64,Papaya
55,69,73,23.48,75.87,6.46,141.59,Papaya
129,81,66,39.62,76.63,6.73,273.03,Papaya
97,37,182,16.8,45.01,7.46,259.3,Papaya
14,61,132,22.3,73.45,7.41,293.97,Papaya
43,13,204,28.83,59.73,5.8,186.43,Papaya
20,19,186,18.27,75.89,5.69,147.84,Papaya
105,125,23,18.63,40.14,7.24,183.6,Papaya
78,121,69,12.46,31.8,6.6,236.82,Papaya
75,15,77,36.71,85.95,6.48,221.45,Papaya
137,94,158,36.2,52.4,7.65,258.74,Papaya
2,82,77,21.65,63.86,5.39,196.87,Papaya
24,59,41,20.18,89.29,4.69,262.57,Papaya
18,114,150,16.11,61.63,6.31,42.12,Papaya
56,70,62,25.2,83.44,4.96,70.67,Papaya
23,94,55,13.59,81.46,7.35,30.63,Papaya
3,103,113,30.47,73.62,7.27,127.52,Papaya
84,84,196,15.49,42.05,7.4,265.7,Papaya
12,80,185,37.36,35.34,7.54,192.57,Papaya
66,43,51,23.94,37.24,6.18,204.86,Papaya
4,62,28,16.98,44.35,7.59,86.08,Papaya
114,48,163,25.93,66.51,5.54,238.88,Papaya
7,95,147,24.41,82.61,6.84,281.89,Papaya
108,91,25,11.58,41.01,7.73,33.07,Papaya
84,143,64,29.04,74.53,6.56,274.6,Papaya
8,133,143,18.56,80.15,6.47,244.95,Papaya
136,22,28,39.71,66.53,7.1,130.78,Papaya
89,118,62,34.76,81.34,6.57,149.29,Papaya
4,65,18,25.62,52.52,6.32,82.46,Papaya
33,103,127,37.37,56.32,5.14,79.47,Papaya
37,145,158,20.96,63.12,6.04,128.15,Papaya
54,91,97,12.51,54.13,6.18,243.97,Papaya
81,77,60,37.42,88.29,4.81,88.8,Papaya
109,95,43,36.59,54.02,5.1,261.91,Papaya
50,32,47,17.78,40.08,6.35,147.31,Papaya
23,82,5,37.95,70.6,8.2,284.31,Papaya
54,105,115,14.06,37.03,6.34,35.65,Papaya
72,72,134,28.73,69.73,7.11,200.35,Papaya
20,19,25,13.51,81.23,5.39,226.86,Papaya
40,74,176,25.01,31.07,5.41,169.69,Papaya
14,53,199,27.87,75.04,7.68,141.23,Papaya
121,51,121,15.97,79.59,7.57,23.91,Papaya
59,70,82,33.4,63.46,5.66,70.25,Papaya
25,110,94,35.05,88.34,6.25,99.87,Papaya
101,130,140,37.82,69.98,6.32,229.07,Papaya
6,31,68,24.39,53.42,8.09,141.84,Papaya
21,71,169,23.86,87.34,6.91,56.11,Papaya
63,132,33,37.47,52.07,6.09,212.1,Papaya
26,30,7,37.27,63.31,8.48,248.0,Papaya
9,88,91,22.43,37.29,5.97,181.16,Papaya
18,60,61,34.5,42.17,8.43,183.26,Papaya
112,21,97,31.25,32.9,8.07,233.25,Papaya
9,95,137,31.49,75.28,5.8,40.46,Papaya
122,36,39,15.11,31.35,6.09,130.27,Papaya
46,97,171,31.86,41.59,7.2,208.76,Papaya
41,144,22,34.54,52.62,6.54,262.11,Papaya
85,144,164,29.85,61.93,5.31,127.95,Papaya
61,21,142,17.99,67.25,4.82,153.3,Papaya
116,28,46,38.07,55.15,5.73,77.31,Papaya
2,138,70,30.58,82.97,8.38,50.38,Papaya
96,139,151,25.54,74.27,7.91,187.36,Papaya
42,46,129,38.64,85.42,6.1,242.84,Papaya
5,128,104,15.18,49.73,8.49,137.4,Papaya
73,39,52,15.12,41.2,7.21,175.06,Papaya
48,46,42,15.13,56.86,6.94,275.3,Papaya
121,81,145,33.74,57.6,7.45,229.37,Papaya
120,31,19,19.68,34.25,6.01,44.95,Papaya
67,70,76,31.49,74.79,7.44,111.22,Papaya
51,141,28,35.25,63.62,5.43,133.71,Coconut
1,73,131,11.3,65.95,7.55,34.33,Coconut
94,61,143,11.16,53.82,7.53,246.5,Coconut
80,31,57,24.27,64.22,7.34,232.89,Coconut
24,108,125,16.9,36.45,6.77,42.92,Coconut
18,22,11,11.86,48.53,5.17,227.12,Coconut
10,26,59,33.31,80.0,7.08,60.58,Coconut
80,32,149,38.47,89.51,7.56,32.29,Coconut
47,120,49,13.34,34.42,5.19,44.2,Coconut
92,68,153,23.37,39.52,8.42,53.13,Coconut
58,87,29,15.5,56.6,6.37,162.9,Coconut
5,127,70,36.75,69.0,4.68,65.53,Coconut
120,33,29,13.68,48.54,8.24,26.07,Coconut
4,77,32,11.58,74.74,8.24,51.36,Coconut
123,56,27,19.24,40.65,6.63,229.54,Coconut
31,57,5,29.94,65.05,7.54,26.67,Coconut
59,30,163,33.64,74.0,8.26,74.17,Coconut
27,76,204,11.14,85.64,8.17,39.62,Coconut
62,24,152,38.25,84.92,6.27,71.58,Coconut
43,27,186,22.31,71.47,6.2,88.37,Coconut
68,21,78,20.1,30.45,5.04,190.61,Coconut
7,82,138,30.87,53.77,4.58,83.27,Coconut
111,145,94,17.07,56.06,6.6,290.56,Coconut
46,114,147,19.9,46.46,7.0,152.65,Coconut
37,21,141,13.8,56.5,6.1,155.3,Coconut
127,52,170,35.29,85.32,8.08,162.41,Coconut
129,124,118,26.47,45.53,7.32,104.2,Coconut
125,113,67,25.38,85.74,8.06,28.52,Coconut
29,103,38,30.05,68.7,6.52,37.17,Coconut
33,88,84,30.15,65.5,8.15,229.16,Coconut
58,67,73,27.27,63.23,7.24,56.21,Coconut
117,5,92,20.64,48.83,5.21,25.37,Coconut
17,67,128,14.83,74.49,7.87,184.18,Coconut
109,79,182,27.67,43.86,5.32,83.08,Coconut
106,25,156,22.55,55.98,5.14,239.87,Coconut
138,52,155,35.99,54.78,4.6,104.7,Coconut
32,112,101,23.34,45.84,8.1,23.46,Coconut
24,14,31,19.15,46.65,4.96,284.97,Coconut
15,96,156,22.04,63.27,5.8,65.72,Coconut
62,110,138,11.94,72.55,7.31,262.0,Coconut
27,108,161,27.97,52.96,8.36,285.48,Coconut
1,44,181,24.89,38.84,7.63,169.7,Coconut
77,25,96,32.97,62.34,6.9,83.2,Coconut
113,81,154,36.68,53.83,7.0,167.9,Coconut
135,39,71,19.97,57.87,5.49,118.43,Coconut
20,7,146,11.06,45.64,7.38,223.23,Coconut
15,20,160,27.45,35.36,4.65,189.03,Coconut
19,132,44,19.55,58.01,5.06,203.75,Coconut
124,100,6,16.76,75.79,5.74,185.24,Coconut
46,94,144,36.85,67.63,7.59,166.67,Coconut
16,13,110,11.6,67.28,7.45,66.26,Coconut
118,18,165,37.41,44.25,6.98,90.3,Coconut
98,73,18,14.28,52.83,6.75,52.52,Coconut
57,137,82,25.89,63.33,4.76,146.09,Coconut
80,55,12,38.55,40.39,7.3,141.28,Coconut
55,16,114,14.53,50.19,7.42,113.61,Coconut
63,58,177,38.79,73.26,6.8,266.22,Coconut
60,84,162,32.66,34.98,5.37,115.89,Coconut
80,115,116,38.2,79.86,7.29,27.94,Coconut
84,51,11,32.96,60.94,8.38,288.38,Coconut
27,121,142,21.64,48.23,6.94,101.69,Coconut
117,124,58,30.07,51.17,6.98,252.94,Coconut
134,105,11,36.5,60.6,5.27,36.71,Coconut
101,44,86,31.21,76.39,6.32,160.25,Coconut
112,44,24,39.57,70.36,4.75,99.44,Coconut
28,11,170,33.21,55.26,4.94,258.47,Coconut
0,47,9,10.14,54.02,7.82,160.05,Coconut
2,64,15,17.84,55.51,6.29,209.37,Coconut
29,100,56,21.2,84.47,7.48,123.89,Coconut
65,97,37,13.4,64.85,5.7,74.14,Coconut
28,104,197,25.44,38.4,5.24,71.68,Coconut
54,54,135,19.32,35.49,5.65,140.38,Coconut
124,73,200,28.77,64.67,7.56,211.14,Coconut
49,30,177,22.92,72.82,6.49,50.2,Coconut
62,143,176,18.31,73.68,8.11,187.83,Coconut
28,43,194,31.95,35.48,7.61,121.17,Coconut
1,41,149,26.09,59.17,7.31,65.5,Coconut
109,13,88,23.21,83.85,4.62,293.61,Coconut
135,44,37,29.33,41.67,5.92,281.89,Coconut
80,25,112,12.09,85.35,7.95,196.89,Coconut
126,65,205,16.21,44.41,5.1,68.33,Coconut
102,125,168,38.64,82.3,6.58,82.33,Coconut
56,44,145,10.2,71.24,7.93,172.23,Coconut
78,97,61,33.06,58.42,6.14,146.61,Coconut
83,135,128,12.18,84.04,6.26,289.62,Coconut
36,56,55,16.86,73.54,5.78,229.91,Coconut
14,135,145,38.62,53.13,7.68,186.73,Coconut
56,139,73,15.01,89.54,4.52,264.69,Coconut
15,94,203,26.13,87.71,6.58,23.29,Coconut
83,141,43,11.5,73.06,4.87,219.93,Coconut
58,98,189,14.74,61.47,8.42,86.25,Coconut
121,89,181,11.65,61.66,7.89,56.15,Coconut
113,53,73,36.34,78.6,6.33,287.28,Coconut
134,40,170,17.31,89.2,8.26,163.05,Coconut
110,88,28,17.88,40.39,5.16,143.81,Coconut
5,82,124,30.2,57.78,6.54,290.14,Coconut
126,10,132,38.1,34.68,6.33,49.26,Coconut
102,81,175,15.97,37.0,5.93,288.07,Coconut
77,46,79,33.23,73.76,7.5,186.91,Coconut
43,42,37,34.6,84.11,7.48,241.09,Coconut
66,91,38,26.63,49.77,5.23,246.97,Cotton
65,126,152,28.2,88.16,5.37,211.13,Cotton
2,65,202,35.07,52.73,6.31,264.33,Cotton
74,10,181,26.73,34.55,5.24,235.74,Cotton
63,53,62,25.74,48.95,4.72,140.29,Cotton
133,109,149,39.32,60.92,7.97,234.46,Cotton
12,144,157,24.44,88.44,5.42,142.41,Cotton
62,50,177,27.47,77.92,6.53,270.69,Cotton
40,21,122,28.0,43.41,7.47,239.88,Cotton
24,112,11,20.69,61.44,4.67,205.32,Cotton
128,128,118,39.12,31.56,5.28,75.71,Cotton
84,121,20,37.63,85.77,7.05,51.19,Cotton
57,61,119,30.37,78.98,6.01,70.46,Cotton
101,12,19,15.57,35.27,6.15,24.01,Cotton
57,38,125,16.44,30.44,4.92,127.33,Cotton
91,96,70,25.37,76.21,5.72,38.54,Cotton
15,31,199,28.8,57.81,5.8,169.52,Cotton
102,107,150,19.11,73.99,8.1,184.68,Cotton
83,109,161,17.79,60.76,7.74,284.04,Cotton
21,141,48,32.66,68.58,5.85,34.99,Cotton
84,71,155,26.29,42.38,6.95,63.49,Cotton
33,100,41,20.16,60.57,7.24,110.07,Cotton
92,47,171,35.08,47.85,6.35,167.9,Cotton
54,109,46,30.17,36.4,5.44,205.13,Cotton
133,127,147,16.64,34.21,6.65,67.21,Cotton
76,52,35,24.6,38.15,6.97,75.01,Cotton
101,92,129,31.84,67.84,8.2,194.99,Cotton
119,87,103,25.71,89.42,6.12,200.57,Cotton
71,139,136,20.63,68.31,8.07,49.15,Cotton
49,22,40,12.09,42.5,5.99,244.57,Cotton
77,20,65,16.82,71.9,8.29,34.26,Cotton
22,80,100,12.83,73.6,7.09,49.11,Cotton
130,136,8,19.59,30.26,7.86,126.93,Cotton
82,72,125,21.42,34.6,5.98,131.89,Cotton
137,42,59,22.47,76.25,6.2,294.28,Cotton
40,98,191,37.94,89.06,4.76,173.55,Cotton
66,103,78,19.9,89.19,8.4,20.74,Cotton
98,110,187,33.03,42.07,6.45,192.66,Cotton
114,8,148,14.68,79.27,5.22,192.18,Cotton
66,117,145,18.89,54.21,5.09,23.23,Cotton
67,15,71,33.39,49.33,5.56,198.09,Cotton
88,46,198,39.81,38.82,6.23,110.42,Cotton
120,54,33,14.86,49.79,7.32,288.28,Cotton
67,31,179,37.64,59.35,4.78,246.19,Cotton
94,39,143,25.85,69.12,6.63,32.65,Cotton
60,65,143,31.62,83.73,5.06,156.23,Cotton
89,97,93,29.36,53.81,5.06,67.05,Cotton
45,79,101,33.55,30.24,6.03,245.66,Cotton
121,97,22,17.27,78.93,6.21,62.95,Cotton
93,46,100,19.98,64.26,5.45,211.56,Cotton
62,54,161,18.31,33.1,7.23,67.71,Cotton
53,16,174,20.8,59.75,5.4,102.41,Cotton
89,61,92,12.96,48.14,4.94,197.96,Cotton
60,119,82,38.14,83.52,7.03,44.15,Cotton
129,109,152,38.6,57.17,7.55,208.03,Cotton
135,46,149,15.98,63.25,4.85,205.32,Cotton
11,98,156,21.87,57.01,6.34,263.13,Cotton
18,50,96,13.11,33.73,6.42,107.39,Cotton
116,98,117,25.22,56.84,6.53,42.22,Cotton
71,23,188,12.08,74.69,5.03,155.3,Cotton
51,134,58,35.67,49.26,7.51,117.12,Cotton
34,18,199,36.18,82.94,5.65,36.63,Cotton
42,103,188,39.14,61.43,8.21,294.72,Cotton
77,98,132,36.21,58.41,7.1,139.09,Cotton
46,19,141,11.17,75.62,6.97,110.89,Cotton
6,144,190,16.93,74.89,7.02,295.1,Cotton
49,48,165,36.22,62.66,8.25,196.93,Cotton
44,18,54,34.87,83.27,7.1,203.48,Cotton
139,105,196,25.74,40.25,8.27,91.19,Cotton
49,50,104,20.73,51.54,7.01,256.1,Cotton
138,97,125,16.24,74.17,7.71,273.39,Cotton
47,99,197,19.24,35.71,5.05,34.18,Cotton
36,74,62,33.1,45.44,6.81,249.34,Cotton
79,53,105,30.69,79.2,6.75,245.07,Cotton
98,87,186,38.63,60.14,5.27,31.12,Cotton
129,73,185,24.24,82.72,5.68,259.7,Cotton
18,111,30,18.58,35.57,8.37,44.49,Cotton
28,115,160,37.83,69.44,4.74,126.82,Cotton
96,75,157,14.27,49.21,6.5,170.39,Cotton
78,45,29,37.53,82.03,7.31,58.2,Cotton
129,87,41,30.99,41.49,7.14,114.09,Cotton
101,103,66,29.12,37.61,4.62,284.59,Cotton
81,56,5,10.64,55.56,7.67,30.13,Cotton
70,96,190,26.76,50.52,6.84,164.29,Cotton
69,58,111,22.17,89.52,6.68,194.58,Cotton
91,68,126,39.84,81.97,6.46,126.37,Cotton
78,115,149,11.01,55.0,5.92,254.61,Cotton
107,107,58,27.91,79.07,5.82,58.91,Cotton
80,95,70,10.22,52.06,6.15,125.29,Cotton
85,42,103,18.62,52.66,5.24,234.16,Cotton
42,137,202,27.91,52.03,8.4,231.63,Cotton
96,76,193,19.86,68.32,4.55,148.63,Cotton
73,45,64,20.71,39.66,5.81,29.38,Cotton
6,94,69,15.56,41.47,6.61,172.52,Cotton
74,80,15,34.43,69.33,4.67,95.55,Cotton
111,127,121,24.99,63.74,4.67,161.65,Cotton
55,110,11,11.33,83.4,6.03,174.97,Cotton
64,63,22,20.23,79.59,8.0,92.15,Cotton
90,69,70,32.47,30.34,8.17,293.44,Cotton
77,129,125,13.79,65.59,6.8,226.07,Cotton
79,34,84,23.35,74.7,5.95,89.69,Jute
81,93,74,16.99,55.89,5.39,89.6,Jute
39,66,108,24.5,57.22,7.81,31.47,Jute
16,99,121,28.53,88.22,6.25,59.03,Jute
4,74,77,22.5,87.1,5.14,272.21,Jute
125,94,57,23.85,33.6,4.72,144.55,Jute
49,138,6,32.43,54.38,6.68,186.05,Jute
18,13,36,22.2,81.28,8.45,264.89,Jute
71,53,110,38.62,41.96,7.69,234.11,Jute
7,32,66,28.11,43.43,5.76,33.03,Jute
82,14,64,11.81,72.24,6.32,97.46,Jute
105,7,179,19.1,43.33,6.14,181.95,Jute
52,59,143,36.12,87.07,7.67,215.23,Jute
26,104,40,28.6,41.26,6.36,198.75,Jute
137,90,81,28.94,55.35,4.59,225.62,Jute
53,78,141,24.65,84.54,5.12,105.25,Jute
100,42,150,18.88,81.04,5.25,86.45,Jute
62,121,36,39.86,30.6,6.56,128.35,Jute
31,102,5,32.56,33.22,6.44,108.01,Jute
140,104,91,22.1,88.97,6.61,292.65,Jute
16,121,182,30.77,52.83,5.98,274.09,Jute
127,104,29,21.27,44.44,6.71,279.23,Jute
105,129,204,39.13,45.61,6.99,222.74,Jute
64,82,66,30.15,69.36,8.1,123.91,Jute
111,25,197,11.96,79.45,6.5,200.84,Jute
74,113,47,16.84,89.98,8.44,34.02,Jute
125,22,21,33.08,43.24,5.62,88.0,Jute
15,92,195,22.03,89.38,7.92,227.48,Jute
14,139,120,10.36,85.47,7.32,77.77,Jute
119,122,31,31.52,40.49,7.57,85.46,Jute
61,55,139,13.0,37.31,7.9,135.7,Jute
22,25,124,18.39,52.91,4.58,123.38,Jute
0,49,50,27.87,84.97,8.02,251.42,Jute
19,70,48,14.26,86.9,7.72,109.97,Jute
45,122,51,21.42,48.55,6.58,258.33,Jute
132,89,139,37.84,74.47,4.63,102.09,Jute
112,64,39,34.93,79.84,7.84,161.19,Jute
18,34,12,38.29,45.79,6.7,224.02,Jute
71,50,61,21.3,79.15,5.07,207.67,Jute
10,37,66,33.64,61.6,5.31,286.29,Jute
62,111,59,30.76,57.45,6.48,79.81,Jute
127,5,46,16.01,60.1,7.63,204.46,Jute
66,27,147,11.58,52.66,6.4,254.96,Jute
116,145,62,17.99,53.96,7.26,142.53,Jute
97,21,198,21.18,41.09,5.14,269.47,Jute
29,54,187,38.35,61.58,5.78,197.68,Jute
87,31,36,17.92,37.53,6.31,147.57,Jute
85,76,91,32.62,75.66,6.95,180.26,Jute
119,142,123,28.93,70.13,5.36,141.77,Jute
96,110,143,21.7,84.38,7.46,183.77,Jute
34,58,149,18.9,44.31,5.53,130.25,Jute
7,56,48,21.64,84.47,4.58,161.34,Jute
13,42,97,21.22,82.53,5.61,208.38,Jute
43,89,46,24.71,61.84,6.6,290.09,Jute
27,118,130,31.35,41.06,7.34,286.68,Jute
50,52,187,20.23,72.23,7.57,69.85,Jute
18,57,45,10.69,43.92,8.15,56.88,Jute
140,119,113,18.12,55.56,5.83,221.62,Jute
117,91,143,13.67,44.96,7.93,195.33,Jute
47,128,70,31.95,75.44,6.71,261.2,Jute
27,92,64,35.02,42.94,7.06,76.37,Jute
136,35,19,25.43,73.04,5.2,208.86,Jute
125,121,76,24.12,56.66,4.99,75.12,Jute
82,126,64,38.31,62.39,7.33,59.08,Jute
103,78,33,14.03,74.45,6.72,224.06,Jute
100,58,191,13.12,83.79,8.37,108.84,Jute
82,99,130,10.16,44.83,5.48,293.37,Jute
101,32,137,33.45,31.89,4.69,268.23,Jute
32,124,39,31.38,44.7,7.77,165.66,Jute
15,87,20,24.18,80.78,5.06,21.83,Jute
66,38,65,10.61,40.5,6.57,207.57,Jute
119,89,63,26.52,30.03,7.79,143.73,Jute
73,72,31,36.91,63.14,7.83,170.82,Jute
6,129,179,18.64,30.59,5.97,24.33,Jute
85,37,92,34.25,40.74,7.85,158.27,Jute
113,110,116,16.39,59.8,5.82,82.03,Jute
137,48,143,38.92,64.79,5.24,185.98,Jute
23,53,187,19.74,78.46,5.24,50.34,Jute
135,109,34,28.76,85.17,7.95,188.85,Jute
8,95,148,14.1,50.32,6.64,222.32,Jute
21,101,204,28.15,54.88,7.27,258.7,Jute
8,130,104,12.74,57.97,5.52,113.09,Jute
108,80,196,34.22,61.82,7.25,215.37,Jute
120,96,47,16.85,79.16,7.77,33.5,Jute
84,101,56,19.37,88.92,8.43,59.87,Jute
50,35,119,32.51,76.95,6.98,116.4,Jute
134,26,66,12.03,87.71,6.98,101.31,Jute
51,101,165,34.55,61.98,7.35,85.91,Jute
4,136,158,38.94,80.37,7.37,162.08,Jute
125,9,103,28.44,69.93,7.18,281.25,Jute
14,6,140,11.68,76.07,8.12,229.66,Jute
33,17,170,11.34,38.12,8.06,224.66,Jute
63,77,38,36.26,72.8,4.69,120.74,Jute
83,83,56,32.9,33.62,7.57,128.45,Jute
107,54,80,35.91,82.1,5.82,102.54,Jute
92,65,119,34.81,33.48,5.56,188.46,Jute
4,135,49,32.25,33.35,8.16,51.86,Jute
20,54,49,22.88,62.71,7.41,72.04,Jute
100,116,83,22.05,36.0,5.91,57.59,Jute
47,85,140,39.69,77.22,5.27,200.11,Jute
129,67,74,25.76,66.15,7.18,145.43,Coffee
12,29,142,21.51,35.24,7.88,27.51,Coffee
19,26,98,28.7,75.82,6.26,273.9,Coffee
63,78,168,35.38,66.27,6.48,281.0,Coffee
127,122,95,20.43,84.82,5.26,154.52,Coffee
20,143,97,19.28,33.44,7.9,242.77,Coffee
108,85,169,15.82,42.12,5.39,41.04,Coffee
42,35,92,13.24,49.0,5.37,213.68,Coffee
115,97,70,17.59,79.35,7.72,236.98,Coffee
107,95,40,16.94,63.07,7.61,214.3,Coffee
20,63,75,11.09,58.42,6.6,237.6,Coffee
30,57,120,22.06,68.45,6.08,238.51,Coffee
14,38,146,26.83,82.98,5.34,217.11,Coffee
108,59,109,33.91,44.24,6.9,225.3,Coffee
82,50,48,34.94,61.69,6.24,260.1,Coffee
112,119,199,12.84,86.78,7.74,293.32,Coffee
117,56,204,20.11,32.74,5.35,234.13,Coffee
109,39,59,19.82,66.79,4.69,246.22,Coffee
0,137,200,15.96,31.98,8.5,232.82,Coffee
57,65,11,32.08,41.32,8.12,51.74,Coffee
86,54,16,11.27,42.42,8.27,59.2,Coffee
95,48,189,20.73,36.44,5.05,214.38,Coffee
39,47,24,33.6,47.09,7.9,94.65,Coffee
60,142,177,31.94,77.09,6.17,229.42,Coffee
83,106,51,16.02,58.61,7.43,124.74,Coffee
40,18,197,27.83,60.27,6.81,287.75,Coffee
18,109,156,29.44,87.8,5.42,121.5,Coffee
52,75,26,39.24,71.42,7.49,122.26,Coffee
129,7,117,16.96,57.85,7.41,124.87,Coffee
8,98,188,23.08,64.48,5.94,106.52,Coffee
119,96,179,22.27,54.46,5.82,173.14,Coffee
51,107,130,25.67,39.35,7.41,233.44,Coffee
88,109,203,12.89,57.57,7.07,31.73,Coffee
5,54,131,15.15,48.99,7.04,112.08,Coffee
89,18,189,35.85,34.86,4.61,38.23,Coffee
68,126,143,35.55,80.45,6.05,256.33,Coffee
5,70,63,16.42,86.0,7.55,38.59,Coffee
70,32,23,20.19,33.89,5.7,92.27,Coffee
122,10,28,35.93,89.62,5.85,124.98,Coffee
15,36,205,18.05,72.03,5.71,115.48,Coffee
96,102,25,34.35,52.82,5.2,239.18,Coffee
80,141,16,27.05,79.8,8.41,113.46,Coffee
38,48,201,22.22,53.28,5.87,104.37,Coffee
122,56,115,33.97,72.57,5.42,221.89,Coffee
91,59,201,19.08,87.36,5.21,237.08,Coffee
88,15,35,12.25,62.47,5.0,198.93,Coffee
74,27,78,13.0,85.05,6.64,208.05,Coffee
67,36,115,39.61,65.89,8.19,183.97,Coffee
0,120,64,19.2,78.5,6.66,71.68,Coffee
95,36,85,20.26,80.45,6.13,167.08,Coffee
80,80,110,15.95,50.28,5.07,90.05,Coffee
95,58,108,29.13,72.72,7.65,279.6,Coffee
52,6,49,18.8,53.22,5.57,62.74,Coffee
10,6,70,24.76,43.84,6.95,180.61,Coffee
38,12,124,30.36,33.25,4.55,155.11,Coffee
94,138,28,39.96,44.57,6.48,253.65,Coffee
33,13,46,29.53,65.96,6.17,162.34,Coffee
60,103,107,24.76,52.53,7.72,294.85,Coffee
80,118,70,24.71,60.79,7.29,196.27,Coffee
8,52,75,15.71,34.42,5.24,141.91,Coffee
31,68,42,13.24,85.37,6.58,161.99,Coffee
132,30,39,24.81,71.95,6.5,24.68,Coffee
107,113,21,19.85,45.22,7.11,231.02,Coffee
126,29,162,37.49,45.09,4.82,36.09,Coffee
133,58,64,35.17,46.4,8.43,39.84,Coffee
34,87,146,32.33,65.32,7.9,169.42,Coffee
15,129,109,27.72,67.93,7.72,66.71,Coffee
89,100,120,25.93,82.67,7.93,98.43,Coffee
136,109,142,33.72,53.24,4.96,145.0,Coffee
18,124,14,13.4,44.64,6.27,88.1,Coffee
136,70,92,23.11,78.59,7.8,105.04,Coffee
46,69,187,28.02,49.2,5.82,28.14,Coffee
40,125,91,34.11,69.2,6.25,289.49,Coffee
127,30,95,30.65,46.97,6.8,62.05,Coffee
11,59,163,27.85,49.46,6.76,200.12,Coffee
139,143,197,38.16,42.91,7.41,86.15,Coffee
66,67,78,34.71,58.36,4.5,131.54,Coffee
63,65,45,25.89,84.46,4.63,262.21,Coffee
56,9,201,34.45,71.93,7.43,284.12,Coffee
12,112,43,27.93,46.33,4.69,249.36,Coffee
68,55,149,18.69,43.44,8.35,165.25,Coffee
48,143,43,32.92,68.92,8.4,131.62,Coffee
100,119,151,17.42,62.73,6.27,145.16,Coffee
8,70,8,35.76,67.0,4.8,146.01,Coffee
112,143,60,26.65,84.94,4.77,85.3,Coffee
102,69,104,11.81,63.26,5.62,209.34,Coffee
4,44,10,22.23,77.94,8.21,260.61,Coffee
89,77,86,17.5,61.55,6.36,248.42,Coffee
90,141,192,27.36,43.23,5.57,144.41,Coffee
10,39,27,35.29,48.91,4.74,56.26,Coffee
131,144,56,30.67,33.64,6.29,206.41,Coffee
113,118,193,33.45,44.5,5.0,129.25,Coffee
79,15,167,22.1,83.22,6.65,196.75,Coffee
120,63,51,28.75,52.15,7.92,151.38,Coffee
87,17,104,13.09,34.04,7.16,68.4,Coffee
115,45,138,16.58,49.87,5.32,125.12,Coffee
99,136,89,29.97,70.2,5.79,50.64,Coffee
25,80,59,27.34,66.87,6.95,31.97,Coffee
51,23,42,11.35,72.09,8.41,270.26,Coffee
3,103,95,27.39,52.47,5.86,257.53,Coffee
